timestamp,frame,track_id,speed_ms,status,bbox_x,bbox_y
2026-06-10T09:46:23.938124,1,1,0.0,unknown,165,464
2026-06-10T09:46:23.938375,1,2,0.0,unknown,269,440
2026-06-10T09:46:24.037054,2,1,0.0,unknown,164,466
2026-06-10T09:46:24.037306,2,2,0.0,unknown,269,441
2026-06-10T09:46:24.132843,3,1,0.0,unknown,163,466
2026-06-10T09:46:24.133096,3,3,0.0,unknown,278,439
2026-06-10T09:46:24.225858,5,1,0.251,danger,162,466
2026-06-10T09:46:24.320155,6,1,0.24,danger,162,466
2026-06-10T09:46:24.320446,6,2,0.0,unknown,264,438
2026-06-10T09:46:24.418002,7,1,0.22,danger,162,465
2026-06-10T09:46:24.418200,7,2,0.0,unknown,262,437
2026-06-10T09:46:24.495303,9,1,0.193,danger,162,465
2026-06-10T09:46:24.566144,10,1,0.17,danger,162,465
2026-06-10T09:46:24.566400,10,3,0.0,unknown,274,439
2026-06-10T09:46:24.635644,11,1,0.149,danger,162,464
2026-06-10T09:46:24.635943,11,2,0.0,unknown,272,440
2026-06-10T09:46:24.710994,12,1,0.132,danger,162,464
2026-06-10T09:46:24.711208,12,2,0.0,unknown,267,439
2026-06-10T09:46:24.782871,13,1,0.117,danger,163,464
2026-06-10T09:46:24.783064,13,3,0.0,unknown,275,439
2026-06-10T09:46:24.857799,14,1,0.105,danger,163,465
2026-06-10T09:46:24.858008,14,3,0.0,unknown,275,439
2026-06-10T09:46:24.930834,15,1,0.095,danger,163,464
2026-06-10T09:46:24.999703,16,1,0.087,danger,164,465
2026-06-10T09:46:24.999861,16,3,0.0,unknown,277,440
2026-06-10T09:46:25.067029,17,1,0.079,danger,164,464
2026-06-10T09:46:25.067186,17,3,0.0,unknown,276,439
2026-06-10T09:46:25.133732,19,1,0.072,danger,164,465
2026-06-10T09:46:25.199895,20,1,0.057,danger,165,464
2026-06-10T09:46:25.200121,20,2,0.0,unknown,275,438
2026-06-10T09:46:25.268154,21,1,0.042,danger,165,464
2026-06-10T09:46:25.268362,21,5,0.0,unknown,245,495
2026-06-10T09:46:25.337840,22,1,0.031,danger,165,463
2026-06-10T09:46:25.338066,22,5,0.0,unknown,247,495
2026-06-10T09:46:25.406441,23,1,0.024,danger,165,463
2026-06-10T09:46:25.406628,23,5,0.0,unknown,246,491
2026-06-10T09:46:25.407001,23,2,0.0,unknown,277,438
2026-06-10T09:46:25.473068,24,1,0.019,danger,165,463
2026-06-10T09:46:25.473268,24,5,0.152,danger,240,489
2026-06-10T09:46:25.473560,24,2,0.0,unknown,274,438
2026-06-10T09:46:25.537756,25,1,0.014,danger,166,464
2026-06-10T09:46:25.537964,25,5,0.161,danger,237,489
2026-06-10T09:46:25.538244,25,2,0.0,unknown,272,438
2026-06-10T09:46:25.603222,26,1,0.011,danger,166,465
2026-06-10T09:46:25.603394,26,5,0.165,danger,235,491
2026-06-10T09:46:25.603736,26,2,0.045,danger,275,439
2026-06-10T09:46:25.674755,27,1,0.009,danger,166,464
2026-06-10T09:46:25.675003,27,5,0.164,danger,235,491
2026-06-10T09:46:25.675355,27,2,0.124,danger,268,440
2026-06-10T09:46:25.746545,28,1,0.007,danger,166,464
2026-06-10T09:46:25.746734,28,5,0.165,danger,235,492
2026-06-10T09:46:25.747154,28,2,0.183,danger,265,440
2026-06-10T09:46:25.815788,29,1,0.007,danger,167,464
2026-06-10T09:46:25.815963,29,5,0.161,danger,233,490
2026-06-10T09:46:25.816300,29,2,0.21,danger,266,439
2026-06-10T09:46:25.882025,30,1,0.008,danger,167,464
2026-06-10T09:46:25.882212,30,5,0.155,danger,233,490
2026-06-10T09:46:25.882546,30,2,0.224,danger,267,439
2026-06-10T09:46:25.959918,31,1,0.008,danger,167,463
2026-06-10T09:46:25.960124,31,5,0.149,danger,234,491
2026-06-10T09:46:25.960202,31,2,0.225,danger,266,439
2026-06-10T09:46:26.027808,32,1,0.007,danger,166,465
2026-06-10T09:46:26.028009,32,2,0.197,danger,266,439
2026-06-10T09:46:26.096003,33,1,0.006,danger,166,464
2026-06-10T09:46:26.096176,33,2,0.156,danger,270,439
2026-06-10T09:46:26.162784,34,1,0.021,danger,170,463
2026-06-10T09:46:26.162985,34,2,0.119,danger,272,439
2026-06-10T09:46:26.229961,35,1,0.041,danger,173,463
2026-06-10T09:46:26.230145,35,2,0.1,danger,270,439
2026-06-10T09:46:26.296212,36,1,0.058,danger,173,464
2026-06-10T09:46:26.296395,36,2,0.077,danger,274,438
2026-06-10T09:46:26.362400,37,1,0.06,danger,170,464
2026-06-10T09:46:26.362613,37,2,0.062,danger,278,439
2026-06-10T09:46:26.427676,38,1,0.05,danger,169,463
2026-06-10T09:46:26.427836,38,2,0.053,danger,279,439
2026-06-10T09:46:26.536907,39,1,0.04,danger,168,462
2026-06-10T09:46:26.537225,39,2,0.051,danger,279,439
2026-06-10T09:46:26.617484,40,1,0.032,danger,167,462
2026-06-10T09:46:26.617909,40,2,0.055,danger,280,438
2026-06-10T09:46:26.692729,41,1,0.027,danger,167,461
2026-06-10T09:46:26.692942,41,2,0.054,danger,281,439
2026-06-10T09:46:26.763578,42,1,0.045,danger,179,461
2026-06-10T09:46:26.763865,42,2,0.065,danger,277,439
2026-06-10T09:46:26.830409,43,1,0.066,danger,182,462
2026-06-10T09:46:26.830669,43,2,0.072,danger,269,438
2026-06-10T09:46:26.896070,44,1,0.074,danger,178,462
2026-06-10T09:46:26.896303,44,2,0.076,danger,268,439
2026-06-10T09:46:26.963527,45,1,0.071,danger,173,462
2026-06-10T09:46:26.963723,45,2,0.087,danger,272,439
2026-06-10T09:46:27.033292,46,1,0.06,danger,168,462
2026-06-10T09:46:27.033477,46,2,0.089,danger,271,441
2026-06-10T09:46:27.099425,47,1,0.052,danger,167,461
2026-06-10T09:46:27.099586,47,2,0.085,danger,273,441
2026-06-10T09:46:27.165208,48,1,0.045,danger,167,461
2026-06-10T09:46:27.165420,48,2,0.071,danger,274,441
2026-06-10T09:46:27.229281,49,1,0.045,danger,166,461
2026-06-10T09:46:27.229511,49,2,0.057,danger,276,441
2026-06-10T09:46:27.294122,50,1,0.054,danger,168,460
2026-06-10T09:46:27.294327,50,2,0.054,danger,276,442
2026-06-10T09:46:27.358760,51,1,0.064,danger,168,461
2026-06-10T09:46:27.358921,51,2,0.043,danger,276,442
2026-06-10T09:46:27.359232,51,9,0.0,unknown,242,502
2026-06-10T09:46:27.424234,52,1,0.062,danger,167,461
2026-06-10T09:46:27.424530,52,2,0.032,danger,276,442
2026-06-10T09:46:27.490882,53,1,0.053,danger,169,465
2026-06-10T09:46:27.491074,53,2,0.029,danger,275,443
2026-06-10T09:46:27.560689,54,1,0.043,danger,168,465
2026-06-10T09:46:27.560898,54,2,0.027,danger,274,444
2026-06-10T09:46:27.631945,55,1,0.038,danger,169,462
2026-06-10T09:46:27.632138,55,2,0.03,danger,272,444
2026-06-10T09:46:27.702570,56,1,0.041,danger,172,463
2026-06-10T09:46:27.702810,56,2,0.037,danger,269,444
2026-06-10T09:46:27.774171,57,1,0.039,danger,176,470
2026-06-10T09:46:27.774398,57,2,0.032,danger,271,444
2026-06-10T09:46:27.845728,58,1,0.043,danger,180,476
2026-06-10T09:46:27.845897,58,2,0.035,danger,274,444
2026-06-10T09:46:27.917200,59,1,0.055,danger,188,481
2026-06-10T09:46:27.917377,59,2,0.041,danger,276,445
2026-06-10T09:46:27.989250,60,1,0.081,danger,194,491
2026-06-10T09:46:27.989426,60,2,0.044,danger,277,444
2026-06-10T09:46:27.989804,60,10,0.0,unknown,157,452
2026-06-10T09:46:28.058807,61,1,0.117,danger,200,495
2026-06-10T09:46:28.058962,61,2,0.052,danger,280,444
2026-06-10T09:46:28.059037,61,10,0.0,unknown,156,452
2026-06-10T09:46:28.132283,62,1,0.157,danger,208,490
2026-06-10T09:46:28.132671,62,2,0.062,danger,284,444
2026-06-10T09:46:28.133068,62,10,0.0,unknown,154,453
2026-06-10T09:46:28.203269,63,1,0.201,danger,217,490
2026-06-10T09:46:28.203475,63,2,0.07,danger,284,443
2026-06-10T09:46:28.203835,63,10,0.147,danger,153,455
2026-06-10T09:46:28.273368,64,1,0.25,danger,227,490
2026-06-10T09:46:28.273586,64,2,0.069,danger,280,444
2026-06-10T09:46:28.273935,64,10,0.142,danger,153,457
2026-06-10T09:46:28.345438,65,1,0.293,danger,233,490
2026-06-10T09:46:28.345606,65,2,0.061,danger,278,445
2026-06-10T09:46:28.345685,65,10,0.144,danger,153,458
2026-06-10T09:46:28.417713,66,1,0.34,danger,243,491
2026-06-10T09:46:28.418052,66,10,0.145,danger,153,461
2026-06-10T09:46:28.488659,67,1,0.392,danger,252,491
2026-06-10T09:46:28.488834,67,10,0.142,danger,153,461
2026-06-10T09:46:28.489240,67,2,0.0,unknown,284,446
2026-06-10T09:46:28.560604,68,1,0.446,danger,263,499
2026-06-10T09:46:28.560781,68,10,0.135,danger,154,462
2026-06-10T09:46:28.632826,69,1,0.502,danger,272,505
2026-06-10T09:46:28.633212,69,10,0.125,danger,156,462
2026-06-10T09:46:28.703504,70,1,0.559,danger,285,507
2026-06-10T09:46:28.703669,70,10,0.115,danger,157,462
2026-06-10T09:46:28.776545,71,1,0.622,slow,301,503
2026-06-10T09:46:28.776727,71,10,0.108,danger,155,462
2026-06-10T09:46:28.777131,71,2,0.0,unknown,263,451
2026-06-10T09:46:28.846502,72,1,0.668,slow,306,498
2026-06-10T09:46:28.846658,72,10,0.103,danger,154,462
2026-06-10T09:46:28.847037,72,2,0.0,unknown,263,453
2026-06-10T09:46:28.917771,73,1,0.728,slow,327,497
2026-06-10T09:46:28.917941,73,10,0.099,danger,152,462
2026-06-10T09:46:28.918330,73,2,0.0,unknown,267,453
2026-06-10T09:46:28.990346,74,1,0.792,slow,346,502
2026-06-10T09:46:28.990547,74,10,0.101,danger,150,463
2026-06-10T09:46:28.990959,74,2,0.144,danger,269,453
2026-06-10T09:46:29.062015,75,1,0.848,slow,358,504
2026-06-10T09:46:29.062199,75,10,0.102,danger,148,462
2026-06-10T09:46:29.062547,75,2,0.145,danger,270,454
2026-06-10T09:46:29.134140,76,1,0.888,slow,362,503
2026-06-10T09:46:29.134331,76,10,0.107,danger,147,466
2026-06-10T09:46:29.134739,76,2,0.186,danger,267,455
2026-06-10T09:46:29.203890,77,1,0.925,slow,375,501
2026-06-10T09:46:29.204071,77,10,0.109,danger,145,467
2026-06-10T09:46:29.204500,77,2,0.225,danger,264,458
2026-06-10T09:46:29.278820,78,1,0.955,slow,387,499
2026-06-10T09:46:29.279026,78,10,0.11,danger,145,468
2026-06-10T09:46:29.279385,78,2,0.247,danger,262,458
2026-06-10T09:46:29.279462,78,13,0.0,unknown,315,494
2026-06-10T09:46:29.348821,79,1,0.997,slow,409,496
2026-06-10T09:46:29.349155,79,10,0.104,danger,147,467
2026-06-10T09:46:29.349560,79,2,0.242,danger,265,460
2026-06-10T09:46:29.349633,79,13,0.0,unknown,325,494
2026-06-10T09:46:29.419149,80,1,1.035,normal,422,497
2026-06-10T09:46:29.419494,80,10,0.097,danger,148,469
2026-06-10T09:46:29.419833,80,2,0.22,danger,267,462
2026-06-10T09:46:29.419898,80,13,0.0,unknown,332,492
2026-06-10T09:46:29.491358,81,1,1.064,normal,434,499
2026-06-10T09:46:29.491546,81,10,0.091,danger,150,470
2026-06-10T09:46:29.491956,81,2,0.187,danger,271,462
2026-06-10T09:46:29.492035,81,13,0.833,slow,341,489
2026-06-10T09:46:29.562070,82,1,1.094,normal,449,502
2026-06-10T09:46:29.562240,82,10,0.09,danger,150,474
2026-06-10T09:46:29.562608,82,2,0.16,danger,271,461
2026-06-10T09:46:29.562687,82,13,0.814,slow,344,496
2026-06-10T09:46:29.633572,83,1,1.126,normal,466,506
2026-06-10T09:46:29.633751,83,10,0.095,danger,151,476
2026-06-10T09:46:29.634106,83,2,0.14,danger,272,461
2026-06-10T09:46:29.705179,84,1,1.149,normal,475,508
2026-06-10T09:46:29.705343,84,10,0.101,danger,153,477
2026-06-10T09:46:29.705670,84,2,0.125,danger,272,460
2026-06-10T09:46:29.705753,84,14,0.0,unknown,338,508
2026-06-10T09:46:29.776883,85,1,1.163,normal,487,509
2026-06-10T09:46:29.777116,85,10,0.106,danger,156,476
2026-06-10T09:46:29.777439,85,2,0.11,danger,272,460
2026-06-10T09:46:29.849181,86,1,1.177,normal,506,506
2026-06-10T09:46:29.849339,86,10,0.111,danger,160,476
2026-06-10T09:46:29.849731,86,2,0.096,danger,270,461
2026-06-10T09:46:29.849816,86,13,0.0,unknown,388,501
2026-06-10T09:46:29.918918,87,1,1.203,normal,523,505
2026-06-10T09:46:29.919129,87,10,0.118,danger,162,478
2026-06-10T09:46:29.919414,87,2,0.088,danger,269,462
2026-06-10T09:46:29.919489,87,13,0.0,unknown,390,500
2026-06-10T09:46:29.993713,88,1,1.211,normal,537,509
2026-06-10T09:46:29.994052,88,10,0.129,danger,167,479
2026-06-10T09:46:29.994372,88,2,0.079,danger,268,463
2026-06-10T09:46:29.994433,88,13,0.0,unknown,408,506
2026-06-10T09:46:30.063633,89,1,1.211,normal,552,510
2026-06-10T09:46:30.063791,89,10,0.143,danger,170,482
2026-06-10T09:46:30.064236,89,2,0.069,danger,269,464
2026-06-10T09:46:30.064319,89,13,0.906,slow,416,508
2026-06-10T09:46:30.135154,90,1,1.207,normal,562,512
2026-06-10T09:46:30.135327,90,10,0.159,danger,173,487
2026-06-10T09:46:30.135684,90,2,0.061,danger,268,467
2026-06-10T09:46:30.135755,90,13,0.892,slow,423,509
2026-06-10T09:46:30.207273,91,1,1.22,normal,579,517
2026-06-10T09:46:30.207570,91,10,0.178,danger,177,489
2026-06-10T09:46:30.207990,91,2,0.059,danger,267,467
2026-06-10T09:46:30.208071,91,13,0.876,slow,430,508
2026-06-10T09:46:30.278068,92,1,1.238,normal,598,516
2026-06-10T09:46:30.278209,92,10,0.203,danger,182,491
2026-06-10T09:46:30.278567,92,2,0.064,danger,268,467
2026-06-10T09:46:30.278638,92,13,0.855,slow,438,508
2026-06-10T09:46:30.278704,92,17,0.0,unknown,770,253
2026-06-10T09:46:30.348237,93,1,1.255,normal,613,510
2026-06-10T09:46:30.348452,93,10,0.227,danger,185,492
2026-06-10T09:46:30.348768,93,2,0.071,danger,268,468
2026-06-10T09:46:30.348842,93,13,0.82,slow,443,507
2026-06-10T09:46:30.418894,94,1,1.259,normal,631,513
2026-06-10T09:46:30.419058,94,10,0.248,danger,189,491
2026-06-10T09:46:30.419375,94,2,0.072,danger,269,467
2026-06-10T09:46:30.419501,94,13,0.808,slow,456,506
2026-06-10T09:46:30.489423,95,1,1.27,normal,646,516
2026-06-10T09:46:30.489610,95,10,0.268,danger,196,488
2026-06-10T09:46:30.489912,95,2,0.067,danger,271,468
2026-06-10T09:46:30.489997,95,13,0.822,slow,471,506
2026-06-10T09:46:30.562782,96,1,1.278,normal,659,531
2026-06-10T09:46:30.563143,96,10,0.29,danger,202,490
2026-06-10T09:46:30.563540,96,2,0.058,danger,274,470
2026-06-10T09:46:30.563624,96,13,0.844,slow,484,507
2026-06-10T09:46:30.634074,97,1,1.271,normal,667,530
2026-06-10T09:46:30.634247,97,10,0.32,danger,210,493
2026-06-10T09:46:30.634625,97,2,0.051,danger,276,471
2026-06-10T09:46:30.634766,97,13,0.849,slow,487,506
2026-06-10T09:46:30.705104,98,1,1.269,normal,685,527
2026-06-10T09:46:30.705282,98,10,0.35,danger,219,498
2026-06-10T09:46:30.705604,98,2,0.045,danger,274,469
2026-06-10T09:46:30.705689,98,13,0.845,slow,492,505
2026-06-10T09:46:30.776555,99,1,1.277,normal,701,526
2026-06-10T09:46:30.776808,99,10,0.372,danger,222,499
2026-06-10T09:46:30.777111,99,2,0.044,danger,275,468
2026-06-10T09:46:30.777232,99,13,0.839,slow,500,503
2026-06-10T09:46:30.848843,100,1,1.301,normal,724,524
2026-06-10T09:46:30.849137,100,10,0.397,danger,232,498
2026-06-10T09:46:30.849435,100,13,0.837,slow,512,501
2026-06-10T09:46:30.921864,101,1,1.322,normal,746,534
2026-06-10T09:46:30.922033,101,10,0.418,danger,236,483
2026-06-10T09:46:30.922423,101,13,0.839,slow,523,498
2026-06-10T09:46:30.991765,102,1,1.329,normal,757,540
2026-06-10T09:46:30.991930,102,10,0.435,danger,239,475
2026-06-10T09:46:30.992275,102,13,0.846,slow,530,497
2026-06-10T09:46:31.063910,103,1,1.333,normal,766,531
2026-06-10T09:46:31.064054,103,10,0.453,danger,249,486
2026-06-10T09:46:31.064362,103,13,0.836,slow,540,498
2026-06-10T09:46:31.064425,103,17,0.0,unknown,770,251
2026-06-10T09:46:31.134475,104,1,1.334,normal,779,526
2026-06-10T09:46:31.134647,104,10,0.479,danger,261,500
2026-06-10T09:46:31.135051,104,13,0.836,slow,553,500
2026-06-10T09:46:31.135135,104,17,0.0,unknown,770,251
2026-06-10T09:46:31.205547,105,1,1.338,normal,789,523
2026-06-10T09:46:31.205775,105,10,0.508,danger,270,508
2026-06-10T09:46:31.206163,105,13,0.83,slow,557,500
2026-06-10T09:46:31.206433,105,17,0.0,unknown,770,251
2026-06-10T09:46:31.279211,106,1,1.35,normal,810,520
2026-06-10T09:46:31.279391,106,10,0.539,danger,283,512
2026-06-10T09:46:31.279765,106,13,0.824,slow,563,499
2026-06-10T09:46:31.279838,106,2,0.0,unknown,252,463
2026-06-10T09:46:31.350471,107,1,1.37,normal,836,518
2026-06-10T09:46:31.350687,107,10,0.57,danger,294,516
2026-06-10T09:46:31.350972,107,13,0.828,slow,576,497
2026-06-10T09:46:31.351053,107,2,0.0,unknown,255,462
2026-06-10T09:46:31.420330,108,1,1.379,normal,851,521
2026-06-10T09:46:31.420470,108,10,0.598,danger,302,518
2026-06-10T09:46:31.420541,108,13,0.833,slow,582,496
2026-06-10T09:46:31.420600,108,2,0.0,unknown,263,462
2026-06-10T09:46:31.494661,109,1,1.38,normal,864,521
2026-06-10T09:46:31.494822,109,10,0.625,slow,310,515
2026-06-10T09:46:31.495187,109,13,0.837,slow,596,501
2026-06-10T09:46:31.495259,109,2,0.397,danger,266,462
2026-06-10T09:46:31.567598,110,1,1.377,normal,879,525
2026-06-10T09:46:31.567931,110,10,0.662,slow,326,519
2026-06-10T09:46:31.568215,110,13,0.835,slow,610,503
2026-06-10T09:46:31.568294,110,2,0.391,danger,270,462
2026-06-10T09:46:31.568359,110,17,0.0,unknown,770,254
2026-06-10T09:46:31.638896,111,1,1.38,normal,892,525
2026-06-10T09:46:31.639077,111,10,0.687,slow,330,518
2026-06-10T09:46:31.639473,111,13,0.82,slow,617,504
2026-06-10T09:46:31.639567,111,2,0.367,danger,270,461
2026-06-10T09:46:31.639637,111,17,0.0,unknown,769,252
2026-06-10T09:46:31.710739,112,1,1.394,normal,907,522
2026-06-10T09:46:31.710971,112,10,0.713,slow,342,522
2026-06-10T09:46:31.711309,112,13,0.816,slow,624,503
2026-06-10T09:46:31.711373,112,2,0.345,danger,272,460
2026-06-10T09:46:31.711430,112,17,0.0,unknown,768,251
2026-06-10T09:46:31.778312,113,1,1.415,normal,933,517
2026-06-10T09:46:31.778479,113,10,0.734,slow,351,522
2026-06-10T09:46:31.778785,113,13,0.819,slow,633,501
2026-06-10T09:46:31.778847,113,2,0.315,danger,272,460
2026-06-10T09:46:31.778906,113,17,0.021,danger,769,251
2026-06-10T09:46:31.851484,114,1,1.42,normal,943,517
2026-06-10T09:46:31.851713,114,10,0.764,slow,362,520
2026-06-10T09:46:31.852035,114,13,0.819,slow,639,501
2026-06-10T09:46:31.852100,114,2,0.289,danger,273,459
2026-06-10T09:46:31.924657,115,1,1.429,normal,968,516
2026-06-10T09:46:31.924979,115,10,0.79,slow,374,518
2026-06-10T09:46:31.925363,115,13,0.826,slow,655,501
2026-06-10T09:46:31.925427,115,2,0.265,danger,273,458
2026-06-10T09:46:31.995682,116,1,1.428,normal,984,518
2026-06-10T09:46:31.996028,116,10,0.819,slow,386,517
2026-06-10T09:46:31.996393,116,13,0.839,slow,671,501
2026-06-10T09:46:31.996474,116,2,0.227,danger,266,458
2026-06-10T09:46:32.067907,117,1,1.43,normal,996,519
2026-06-10T09:46:32.068076,117,10,0.853,slow,399,519
2026-06-10T09:46:32.068362,117,13,0.852,slow,678,498
2026-06-10T09:46:32.068424,117,2,0.192,danger,263,457
2026-06-10T09:46:32.140971,118,1,1.44,normal,1014,519
2026-06-10T09:46:32.141135,118,10,0.887,slow,413,523
2026-06-10T09:46:32.141571,118,13,0.857,slow,686,500
2026-06-10T09:46:32.141650,118,2,0.163,danger,263,457
2026-06-10T09:46:32.211900,119,1,1.456,normal,1035,518
2026-06-10T09:46:32.212048,119,10,0.911,slow,425,526
2026-06-10T09:46:32.212385,119,13,0.854,slow,695,499
2026-06-10T09:46:32.212446,119,2,0.144,danger,264,457
2026-06-10T09:46:32.281253,120,1,1.468,normal,1047,516
2026-06-10T09:46:32.281610,120,10,0.926,slow,433,527
2026-06-10T09:46:32.282010,120,13,0.851,slow,699,499
2026-06-10T09:46:32.282078,120,2,0.136,danger,268,458
2026-06-10T09:46:32.349793,121,1,1.468,normal,1065,515
2026-06-10T09:46:32.349969,121,10,0.938,slow,446,526
2026-06-10T09:46:32.350282,121,13,0.855,slow,712,503
2026-06-10T09:46:32.350345,121,2,0.131,danger,270,459
2026-06-10T09:46:32.424617,122,1,1.446,normal,1079,517
2026-06-10T09:46:32.424796,122,10,0.957,slow,464,522
2026-06-10T09:46:32.425221,122,13,0.863,slow,730,501
2026-06-10T09:46:32.425299,122,2,0.12,danger,270,460
2026-06-10T09:46:32.495606,123,1,1.427,normal,1090,520
2026-06-10T09:46:32.495889,123,10,0.974,slow,475,521
2026-06-10T09:46:32.496269,123,13,0.875,slow,738,499
2026-06-10T09:46:32.496337,123,2,0.097,danger,269,460
2026-06-10T09:46:32.564950,124,1,1.422,normal,1106,523
2026-06-10T09:46:32.565121,124,10,1.011,normal,497,523
2026-06-10T09:46:32.565498,124,13,0.88,slow,749,499
2026-06-10T09:46:32.565569,124,2,0.076,danger,268,460
2026-06-10T09:46:32.636170,125,1,1.424,normal,1124,526
2026-06-10T09:46:32.636339,125,10,1.037,normal,513,526
2026-06-10T09:46:32.636636,125,13,0.881,slow,762,503
2026-06-10T09:46:32.636698,125,2,0.054,danger,268,460
2026-06-10T09:46:32.710513,126,1,1.421,normal,1136,527
2026-06-10T09:46:32.710665,126,10,1.056,normal,518,528
2026-06-10T09:46:32.710982,126,13,0.882,slow,769,504
2026-06-10T09:46:32.711045,126,2,0.041,danger,270,460
2026-06-10T09:46:32.781140,127,1,1.441,normal,1165,525
2026-06-10T09:46:32.781337,127,10,1.071,normal,533,527
2026-06-10T09:46:32.781625,127,13,0.878,slow,774,504
2026-06-10T09:46:32.781686,127,2,0.03,danger,272,461
2026-06-10T09:46:32.849956,128,1,1.442,normal,1184,524
2026-06-10T09:46:32.850100,128,10,1.09,normal,547,525
2026-06-10T09:46:32.850402,128,13,0.875,slow,784,504
2026-06-10T09:46:32.850463,128,2,0.026,danger,273,461
2026-06-10T09:46:32.924598,129,1,1.444,normal,1195,523
2026-06-10T09:46:32.924784,129,10,1.102,normal,558,521
2026-06-10T09:46:32.925193,129,13,0.874,slow,791,504
2026-06-10T09:46:32.925264,129,2,0.022,danger,271,462
2026-06-10T09:46:32.998941,130,1,1.431,normal,1212,526
2026-06-10T09:46:32.999096,130,10,1.11,normal,572,524
2026-06-10T09:46:32.999579,130,13,0.873,slow,806,499
2026-06-10T09:46:32.999664,130,2,0.024,danger,270,466
2026-06-10T09:46:33.069687,131,1,1.421,normal,1229,529
2026-06-10T09:46:33.069994,131,10,1.117,normal,585,526
2026-06-10T09:46:33.070276,131,13,0.869,slow,820,499
2026-06-10T09:46:33.070340,131,2,0.026,danger,269,468
2026-06-10T09:46:33.139809,132,1,1.409,normal,1238,531
2026-06-10T09:46:33.140056,132,10,1.115,normal,592,527
2026-06-10T09:46:33.140444,132,13,0.865,slow,828,499
2026-06-10T09:46:33.140526,132,2,0.03,danger,269,469
2026-06-10T09:46:33.215761,133,1,1.392,normal,1250,528
2026-06-10T09:46:33.215953,133,10,1.107,normal,603,527
2026-06-10T09:46:33.216282,133,13,0.866,slow,838,501
2026-06-10T09:46:33.216367,133,2,0.033,danger,267,470
2026-06-10T09:46:33.283893,134,1,1.381,normal,1271,527
2026-06-10T09:46:33.284073,134,10,1.115,normal,622,526
2026-06-10T09:46:33.284494,134,13,0.867,slow,848,507
2026-06-10T09:46:33.284606,134,2,0.035,danger,268,471
2026-06-10T09:46:33.353691,135,1,1.386,normal,1295,526
2026-06-10T09:46:33.353845,135,10,1.131,normal,637,524
2026-06-10T09:46:33.354203,135,13,0.874,slow,857,508
2026-06-10T09:46:33.354275,135,2,0.039,danger,267,471
2026-06-10T09:46:33.423816,136,1,1.391,normal,1311,528
2026-06-10T09:46:33.424035,136,10,1.143,normal,649,524
2026-06-10T09:46:33.424110,136,13,0.883,slow,870,505
2026-06-10T09:46:33.424182,136,2,0.043,danger,269,472
2026-06-10T09:46:33.424257,136,17,0.0,unknown,772,256
2026-06-10T09:46:33.496509,137,1,1.401,normal,1327,532
2026-06-10T09:46:33.496682,137,10,1.151,normal,665,522
2026-06-10T09:46:33.497114,137,13,0.885,slow,886,505
2026-06-10T09:46:33.497192,137,2,0.046,danger,266,473
2026-06-10T09:46:33.569025,138,1,1.423,normal,1344,536
2026-06-10T09:46:33.569368,138,10,1.165,normal,678,521
2026-06-10T09:46:33.569662,138,13,0.888,slow,895,504
2026-06-10T09:46:33.569729,138,2,0.057,danger,260,472
2026-06-10T09:46:33.640078,139,1,1.434,normal,1358,539
2026-06-10T09:46:33.640477,139,10,1.152,normal,688,526
2026-06-10T09:46:33.640872,139,13,0.889,slow,904,504
2026-06-10T09:46:33.640941,139,2,0.065,danger,260,474
2026-06-10T09:46:33.712938,140,1,1.434,normal,1373,542
2026-06-10T09:46:33.713187,140,10,1.138,normal,701,526
2026-06-10T09:46:33.713533,140,13,0.888,slow,915,505
2026-06-10T09:46:33.713689,140,2,0.077,danger,259,477
2026-06-10T09:46:33.780666,141,1,1.424,normal,1380,542
2026-06-10T09:46:33.780822,141,10,1.138,normal,713,523
2026-06-10T09:46:33.781152,141,13,0.886,slow,921,507
2026-06-10T09:46:33.781216,141,2,0.09,danger,258,479
2026-06-10T09:46:33.852862,142,1,1.407,normal,1404,543
2026-06-10T09:46:33.853021,142,10,1.141,normal,731,522
2026-06-10T09:46:33.853386,142,13,0.885,slow,926,507
2026-06-10T09:46:33.853466,142,2,0.1,danger,260,479
2026-06-10T09:46:33.922056,143,1,1.407,normal,1431,542
2026-06-10T09:46:33.922333,143,10,1.144,normal,745,519
2026-06-10T09:46:33.922653,143,13,0.896,slow,943,507
2026-06-10T09:46:33.922734,143,2,0.109,danger,259,480
2026-06-10T09:46:33.994469,144,1,1.41,normal,1444,543
2026-06-10T09:46:33.994607,144,10,1.141,normal,755,519
2026-06-10T09:46:33.994977,144,13,0.909,slow,957,505
2026-06-10T09:46:33.995041,144,2,0.112,danger,260,480
2026-06-10T09:46:34.069251,145,1,1.412,normal,1460,546
2026-06-10T09:46:34.069523,145,10,1.136,normal,766,521
2026-06-10T09:46:34.069851,145,13,0.915,slow,969,505
2026-06-10T09:46:34.069927,145,2,0.11,danger,261,481
2026-06-10T09:46:34.140728,146,1,1.416,normal,1476,550
2026-06-10T09:46:34.141093,146,10,1.135,normal,781,526
2026-06-10T09:46:34.141383,146,13,0.914,slow,981,506
2026-06-10T09:46:34.141452,146,2,0.111,danger,260,482
2026-06-10T09:46:34.210623,147,1,1.417,normal,1482,553
2026-06-10T09:46:34.210798,147,10,1.143,normal,794,527
2026-06-10T09:46:34.211162,147,13,0.915,slow,989,508
2026-06-10T09:46:34.211229,147,2,0.113,danger,260,483
2026-06-10T09:46:34.279359,148,1,1.422,normal,1496,553
2026-06-10T09:46:34.279518,148,10,1.162,normal,813,526
2026-06-10T09:46:34.279888,148,13,0.91,slow,995,511
2026-06-10T09:46:34.280023,148,2,0.117,danger,264,486
2026-06-10T09:46:34.356638,149,1,1.423,normal,1517,552
2026-06-10T09:46:34.357080,149,10,1.173,normal,830,525
2026-06-10T09:46:34.357384,149,13,0.905,slow,1003,513
2026-06-10T09:46:34.357464,149,2,0.134,danger,270,500
2026-06-10T09:46:34.425685,150,1,1.425,normal,1540,551
2026-06-10T09:46:34.425851,150,10,1.177,normal,842,524
2026-06-10T09:46:34.426208,150,13,0.902,slow,1012,513
2026-06-10T09:46:34.426282,150,2,0.146,danger,271,501
2026-06-10T09:46:34.491632,151,1,1.432,normal,1560,554
2026-06-10T09:46:34.491824,151,10,1.187,normal,857,523
2026-06-10T09:46:34.492145,151,13,0.896,slow,1025,512
2026-06-10T09:46:34.492229,151,2,0.156,danger,270,499
2026-06-10T09:46:34.564570,152,1,1.435,normal,1577,558
2026-06-10T09:46:34.564893,152,10,1.187,normal,869,524
2026-06-10T09:46:34.565327,152,13,0.887,slow,1036,511
2026-06-10T09:46:34.565400,152,2,0.163,danger,273,499
2026-06-10T09:46:34.635677,153,1,1.424,normal,1587,562
2026-06-10T09:46:34.636047,153,10,1.177,normal,877,525
2026-06-10T09:46:34.636403,153,13,0.877,slow,1045,512
2026-06-10T09:46:34.636477,153,2,0.174,danger,276,498
2026-06-10T09:46:34.708659,154,1,1.414,normal,1599,567
2026-06-10T09:46:34.708854,154,10,1.192,normal,899,526
2026-06-10T09:46:34.709233,154,13,0.885,slow,1063,513
2026-06-10T09:46:34.709306,154,2,0.181,danger,277,498
2026-06-10T09:46:34.778164,155,1,1.415,normal,1617,571
2026-06-10T09:46:34.778364,155,10,1.212,normal,919,525
2026-06-10T09:46:34.778650,155,13,0.89,slow,1072,515
2026-06-10T09:46:34.778714,155,2,0.192,danger,280,499
2026-06-10T09:46:34.848693,156,1,1.431,normal,1632,570
2026-06-10T09:46:34.848896,156,10,1.225,normal,930,524
2026-06-10T09:46:34.849355,156,13,0.892,slow,1078,516
2026-06-10T09:46:34.849424,156,2,0.207,danger,283,503
2026-06-10T09:46:34.921907,157,1,1.458,normal,1665,569
2026-06-10T09:46:34.922076,157,10,1.233,normal,948,523
2026-06-10T09:46:34.922472,157,13,0.904,slow,1091,516
2026-06-10T09:46:34.922540,157,2,0.228,danger,290,510
2026-06-10T09:46:34.993086,158,1,1.475,normal,1690,569
2026-06-10T09:46:34.993235,158,10,1.23,normal,958,527
2026-06-10T09:46:34.993562,158,13,0.905,slow,1105,516
2026-06-10T09:46:34.993626,158,2,0.258,danger,297,513
2026-06-10T09:46:35.064711,159,1,1.487,normal,1703,570
2026-06-10T09:46:35.064900,159,10,1.228,normal,966,528
2026-06-10T09:46:35.065309,159,13,0.897,slow,1112,515
2026-06-10T09:46:35.065381,159,2,0.287,danger,304,516
2026-06-10T09:46:35.135854,160,1,1.502,normal,1722,573
2026-06-10T09:46:35.136011,160,10,1.228,normal,976,529
2026-06-10T09:46:35.136355,160,13,0.907,slow,1132,511
2026-06-10T09:46:35.136440,160,2,0.313,danger,311,513
2026-06-10T09:46:35.208213,161,1,1.507,normal,1733,578
2026-06-10T09:46:35.208376,161,10,1.241,normal,996,528
2026-06-10T09:46:35.208838,161,13,0.924,slow,1148,510
2026-06-10T09:46:35.208920,161,2,0.341,danger,320,511
2026-06-10T09:46:35.279521,162,1,1.516,normal,1743,580
2026-06-10T09:46:35.279939,162,10,1.249,normal,1010,527
2026-06-10T09:46:35.280360,162,13,0.934,slow,1154,512
2026-06-10T09:46:35.280425,162,2,0.371,danger,326,513
2026-06-10T09:46:35.280490,162,17,0.0,unknown,768,250
2026-06-10T09:46:35.351816,163,1,1.539,normal,1769,580
2026-06-10T09:46:35.351995,163,10,1.248,normal,1025,526
2026-06-10T09:46:35.352301,163,13,0.941,slow,1160,514
2026-06-10T09:46:35.352375,163,2,0.397,danger,332,517
2026-06-10T09:46:35.425074,164,1,1.568,normal,1798,578
2026-06-10T09:46:35.425293,164,10,1.245,normal,1042,527
2026-06-10T09:46:35.425666,164,13,0.962,slow,1177,515
2026-06-10T09:46:35.425740,164,2,0.422,danger,343,520
2026-06-10T09:46:35.425821,164,17,0.0,unknown,768,250
2026-06-10T09:46:35.497006,165,1,1.581,normal,1816,578
2026-06-10T09:46:35.497179,165,10,1.246,normal,1056,531
2026-06-10T09:46:35.497459,165,13,0.979,slow,1188,514
2026-06-10T09:46:35.497529,165,2,0.451,danger,349,524
2026-06-10T09:46:35.568974,166,1,1.577,normal,1829,582
2026-06-10T09:46:35.569131,166,10,1.245,normal,1071,536
2026-06-10T09:46:35.569472,166,13,0.993,slow,1200,516
2026-06-10T09:46:35.569590,166,2,0.484,danger,358,522
2026-06-10T09:46:35.639342,167,1,1.585,normal,1848,588
2026-06-10T09:46:35.639528,167,10,1.251,normal,1089,538
2026-06-10T09:46:35.639939,167,13,1.006,normal,1210,516
2026-06-10T09:46:35.640027,167,2,0.519,danger,369,523
2026-06-10T09:46:35.709447,168,1,1.59,normal,1856,592
2026-06-10T09:46:35.709801,168,10,1.259,normal,1100,538
2026-06-10T09:46:35.710177,168,13,1.015,normal,1218,517
2026-06-10T09:46:35.710264,168,2,0.555,danger,380,523
2026-06-10T09:46:35.779335,169,1,1.594,normal,1868,594
2026-06-10T09:46:35.779498,169,10,1.245,normal,1114,536
2026-06-10T09:46:35.779846,169,13,1.004,normal,1227,520
2026-06-10T09:46:35.779929,169,2,0.592,danger,387,524
2026-06-10T09:46:35.853104,170,1,1.614,normal,1899,596
2026-06-10T09:46:35.853319,170,10,1.228,normal,1130,534
2026-06-10T09:46:35.853696,170,13,0.996,slow,1236,522
2026-06-10T09:46:35.853775,170,2,0.632,slow,399,527
2026-06-10T09:46:35.924945,171,1,1.644,normal,1926,596
2026-06-10T09:46:35.925104,171,10,1.213,normal,1140,533
2026-06-10T09:46:35.925463,171,13,0.996,slow,1246,522
2026-06-10T09:46:35.925536,171,2,0.664,slow,404,528
2026-06-10T09:46:35.995755,172,1,1.647,normal,1949,594
2026-06-10T09:46:35.995929,172,10,1.211,normal,1159,539
2026-06-10T09:46:35.996307,172,13,1.007,normal,1265,521
2026-06-10T09:46:35.996394,172,2,0.691,slow,414,529
2026-06-10T09:46:36.066440,173,1,1.639,normal,1966,597
2026-06-10T09:46:36.066669,173,10,1.226,normal,1177,542
2026-06-10T09:46:36.067035,173,13,1.013,normal,1277,520
2026-06-10T09:46:36.067106,173,2,0.723,slow,431,529
2026-06-10T09:46:36.139043,174,1,1.642,normal,1982,600
2026-06-10T09:46:36.139204,174,10,1.24,normal,1188,542
2026-06-10T09:46:36.139573,174,13,1.018,normal,1284,520
2026-06-10T09:46:36.139828,174,2,0.75,slow,441,528
2026-06-10T09:46:36.209762,175,1,1.633,normal,1994,606
2026-06-10T09:46:36.209948,175,10,1.251,normal,1202,543
2026-06-10T09:46:36.210274,175,13,1.0,normal,1294,523
2026-06-10T09:46:36.210572,175,2,0.771,slow,449,529
2026-06-10T09:46:36.280738,176,1,1.653,normal,2025,609
2026-06-10T09:46:36.280935,176,10,1.246,normal,1218,542
2026-06-10T09:46:36.281197,176,13,0.975,slow,1302,527
2026-06-10T09:46:36.281261,176,2,0.791,slow,461,531
2026-06-10T09:46:36.353651,177,1,1.664,normal,2034,611
2026-06-10T09:46:36.353806,177,10,1.24,normal,1230,543
2026-06-10T09:46:36.354177,177,13,0.963,slow,1314,528
2026-06-10T09:46:36.354261,177,2,0.812,slow,471,534
2026-06-10T09:46:36.425139,178,1,1.688,normal,2071,613
2026-06-10T09:46:36.425353,178,10,1.242,normal,1247,542
2026-06-10T09:46:36.425667,178,13,0.966,slow,1327,529
2026-06-10T09:46:36.425743,178,2,0.832,slow,481,536
2026-06-10T09:46:36.495996,179,1,1.697,normal,2094,612
2026-06-10T09:46:36.496163,179,10,1.24,normal,1261,543
2026-06-10T09:46:36.496487,179,13,0.969,slow,1345,527
2026-06-10T09:46:36.496569,179,2,0.854,slow,497,538
2026-06-10T09:46:36.567601,180,1,1.692,normal,2106,613
2026-06-10T09:46:36.567814,180,10,1.229,normal,1268,547
2026-06-10T09:46:36.568163,180,13,0.975,slow,1359,526
2026-06-10T09:46:36.568300,180,2,0.871,slow,505,537
2026-06-10T09:46:36.638544,181,1,1.688,normal,2117,620
2026-06-10T09:46:36.638729,181,10,1.233,normal,1290,549
2026-06-10T09:46:36.639086,181,13,0.965,slow,1368,530
2026-06-10T09:46:36.639160,181,2,0.888,slow,518,537
2026-06-10T09:46:36.710982,182,1,1.681,normal,2133,627
2026-06-10T09:46:36.711340,182,10,1.233,normal,1307,548
2026-06-10T09:46:36.711651,182,13,0.976,slow,1387,536
2026-06-10T09:46:36.711905,182,2,0.906,slow,533,536
2026-06-10T09:46:36.782533,183,1,1.695,normal,2154,628
2026-06-10T09:46:36.782726,183,10,1.236,normal,1322,546
2026-06-10T09:46:36.783032,183,13,0.986,slow,1396,536
2026-06-10T09:46:36.783154,183,2,0.921,slow,546,538
2026-06-10T09:46:36.854805,184,1,1.715,normal,2175,637
2026-06-10T09:46:36.855015,184,10,1.241,normal,1335,547
2026-06-10T09:46:36.855395,184,13,0.996,slow,1407,535
2026-06-10T09:46:36.855483,184,2,0.936,slow,556,542
2026-06-10T09:46:36.926787,185,1,1.714,normal,2197,641
2026-06-10T09:46:36.927063,185,10,1.256,normal,1354,551
2026-06-10T09:46:36.927301,185,13,1.005,normal,1420,537
2026-06-10T09:46:36.927359,185,2,0.948,slow,570,543
2026-06-10T09:46:36.999727,186,1,1.702,normal,2216,644
2026-06-10T09:46:36.999889,186,10,1.275,normal,1368,558
2026-06-10T09:46:37.000291,186,2,0.962,slow,579,542
2026-06-10T09:46:37.000360,186,17,0.0,unknown,768,243
2026-06-10T09:46:37.071906,187,1,1.693,normal,2240,661
2026-06-10T09:46:37.072042,187,2,0.976,slow,591,541
2026-06-10T09:46:37.142494,188,1,1.731,normal,2279,655
2026-06-10T09:46:37.142669,188,2,0.979,slow,603,538
2026-06-10T09:46:37.142993,188,10,0.0,unknown,1403,563
2026-06-10T09:46:37.143057,188,17,0.0,unknown,768,244
2026-06-10T09:46:37.212855,189,1,1.757,normal,2291,657
2026-06-10T09:46:37.213015,189,2,0.979,slow,611,536
2026-06-10T09:46:37.213344,189,10,0.0,unknown,1416,562
2026-06-10T09:46:37.213401,189,17,0.0,unknown,768,243
2026-06-10T09:46:37.283175,190,1,1.765,normal,2294,657
2026-06-10T09:46:37.283394,190,2,0.99,slow,624,537
2026-06-10T09:46:37.283799,190,10,0.0,unknown,1433,562
2026-06-10T09:46:37.283861,190,17,0.0,unknown,768,243
2026-06-10T09:46:37.354991,191,1,1.729,normal,2299,654
2026-06-10T09:46:37.355138,191,2,0.999,slow,635,539
2026-06-10T09:46:37.355531,191,10,1.222,normal,1448,561
2026-06-10T09:46:37.425514,192,1,1.712,normal,2317,677
2026-06-10T09:46:37.425845,192,2,0.999,slow,642,539
2026-06-10T09:46:37.426251,192,10,1.2,normal,1459,563
2026-06-10T09:46:37.498205,193,1,1.685,normal,2345,686
2026-06-10T09:46:37.498363,193,2,1.005,normal,656,538
2026-06-10T09:46:37.498789,193,10,1.204,normal,1473,565
2026-06-10T09:46:37.568238,194,1,1.677,normal,2373,691
2026-06-10T09:46:37.568600,194,2,1.004,normal,668,537
2026-06-10T09:46:37.568968,194,10,1.214,normal,1487,569
2026-06-10T09:46:37.639963,195,1,1.683,normal,2390,690
2026-06-10T09:46:37.640160,195,2,1.009,normal,679,537
2026-06-10T09:46:37.640512,195,10,1.214,normal,1497,566
2026-06-10T09:46:37.711330,196,1,1.68,normal,2398,683
2026-06-10T09:46:37.711488,196,2,1.012,normal,692,538
2026-06-10T09:46:37.711866,196,10,1.251,normal,1522,563
2026-06-10T09:46:37.783018,197,1,1.654,normal,2408,698
2026-06-10T09:46:37.783157,197,2,1.019,normal,708,539
2026-06-10T09:46:37.783566,197,13,0.0,unknown,1555,563
2026-06-10T09:46:37.856271,198,1,1.613,normal,2418,717
2026-06-10T09:46:37.856470,198,2,1.014,normal,714,542
2026-06-10T09:46:37.856840,198,10,0.0,unknown,1556,566
2026-06-10T09:46:37.925113,199,2,1.005,normal,721,543
2026-06-10T09:46:37.925415,199,13,0.0,unknown,1573,561
2026-06-10T09:46:37.998067,200,2,1.006,normal,741,543
2026-06-10T09:46:37.998455,200,21,0.0,unknown,2293,966
2026-06-10T09:46:37.998839,200,13,0.0,unknown,1582,563
2026-06-10T09:46:38.069593,201,2,1.012,normal,753,541
2026-06-10T09:46:38.069899,201,21,0.0,unknown,2242,967
2026-06-10T09:46:38.070253,201,13,0.0,unknown,1590,566
2026-06-10T09:46:38.141149,202,2,1.016,normal,766,537
2026-06-10T09:46:38.141469,202,21,0.0,unknown,2259,935
2026-06-10T09:46:38.141840,202,10,0.0,unknown,1613,576
2026-06-10T09:46:38.211199,203,2,1.021,normal,779,536
2026-06-10T09:46:38.211329,203,21,2.5,normal,2180,928
2026-06-10T09:46:38.211642,203,24,0.0,unknown,1974,973
2026-06-10T09:46:38.211697,203,10,0.0,unknown,1632,574
2026-06-10T09:46:38.284788,204,2,1.027,normal,788,535
2026-06-10T09:46:38.285161,204,21,2.5,normal,2114,929
2026-06-10T09:46:38.285529,204,24,0.0,unknown,1913,976
2026-06-10T09:46:38.285585,204,10,0.0,unknown,1644,572
2026-06-10T09:46:38.355639,205,2,1.027,normal,800,536
2026-06-10T09:46:38.355786,205,21,2.5,normal,2014,938
2026-06-10T09:46:38.356135,205,24,0.0,unknown,1798,988
2026-06-10T09:46:38.356211,205,10,1.493,normal,1664,571
2026-06-10T09:46:38.427521,206,2,1.023,normal,809,537
2026-06-10T09:46:38.427717,206,21,2.5,normal,1900,951
2026-06-10T09:46:38.428040,206,24,2.5,normal,1675,999
2026-06-10T09:46:38.428104,206,10,1.511,normal,1683,574
2026-06-10T09:46:38.498800,207,2,1.025,normal,818,536
2026-06-10T09:46:38.498942,207,21,2.5,normal,1815,961
2026-06-10T09:46:38.499369,207,24,2.5,normal,1589,1006
2026-06-10T09:46:38.499440,207,10,1.504,normal,1695,578
2026-06-10T09:46:38.567852,208,2,1.028,normal,835,535
2026-06-10T09:46:38.568014,208,21,2.5,normal,1702,973
2026-06-10T09:46:38.568425,208,24,2.5,normal,1469,1021
2026-06-10T09:46:38.568507,208,10,1.47,normal,1703,583
2026-06-10T09:46:38.640808,209,2,1.039,normal,852,534
2026-06-10T09:46:38.640962,209,21,2.5,normal,1577,987
2026-06-10T09:46:38.641317,209,24,2.5,normal,1346,1036
2026-06-10T09:46:38.641386,209,10,1.507,normal,1739,592
2026-06-10T09:46:38.641448,209,13,0.0,unknown,1697,574
2026-06-10T09:46:38.714575,210,2,1.044,normal,862,533
2026-06-10T09:46:38.714717,210,21,2.5,normal,1489,995
2026-06-10T09:46:38.715134,210,24,2.5,normal,1263,1047
2026-06-10T09:46:38.715209,210,10,1.535,normal,1759,594
2026-06-10T09:46:38.715270,210,13,0.0,unknown,1703,573
2026-06-10T09:46:38.784437,211,2,1.049,normal,876,535
2026-06-10T09:46:38.784583,211,21,2.5,normal,1372,1011
2026-06-10T09:46:38.784883,211,24,2.5,normal,1139,1062
2026-06-10T09:46:38.784949,211,10,1.553,normal,1779,594
2026-06-10T09:46:38.856080,212,2,1.048,normal,889,539
2026-06-10T09:46:38.856216,212,21,2.5,normal,1238,1026
2026-06-10T09:46:38.856661,212,24,2.5,normal,998,1083
2026-06-10T09:46:38.856732,212,10,1.57,normal,1796,592
2026-06-10T09:46:38.856795,212,13,0.0,unknown,1744,573
2026-06-10T09:46:38.927789,213,2,1.044,normal,894,543
2026-06-10T09:46:38.928119,213,21,2.5,normal,1139,1039
2026-06-10T09:46:38.928481,213,24,2.5,normal,904,1096
2026-06-10T09:46:38.928554,213,10,1.556,normal,1803,595
2026-06-10T09:46:38.928611,213,13,0.0,unknown,1762,573
2026-06-10T09:46:38.999678,214,2,1.054,normal,909,545
2026-06-10T09:46:38.999813,214,21,2.5,normal,1009,1057
2026-06-10T09:46:39.000157,214,24,2.5,normal,765,1117
2026-06-10T09:46:39.000226,214,10,1.529,normal,1814,608
2026-06-10T09:46:39.000277,214,13,0.0,unknown,1777,576
2026-06-10T09:46:39.071092,215,2,1.059,normal,927,544
2026-06-10T09:46:39.071254,215,21,2.5,normal,862,1082
2026-06-10T09:46:39.071641,215,24,2.5,normal,608,1144
2026-06-10T09:46:39.071720,215,10,1.498,normal,1825,616
2026-06-10T09:46:39.142312,216,2,1.062,normal,939,541
2026-06-10T09:46:39.142509,216,21,2.5,normal,755,1101
2026-06-10T09:46:39.142926,216,24,2.5,normal,499,1163
2026-06-10T09:46:39.143005,216,10,1.474,normal,1843,632
2026-06-10T09:46:39.143074,216,13,0.0,unknown,1800,582
2026-06-10T09:46:39.212648,217,2,1.068,normal,952,541
2026-06-10T09:46:39.213003,217,21,2.5,normal,609,1128
2026-06-10T09:46:39.213408,217,24,2.5,normal,341,1193
2026-06-10T09:46:39.213482,217,10,1.48,normal,1874,633
2026-06-10T09:46:39.213547,217,13,0.0,unknown,1814,585
2026-06-10T09:46:39.284957,218,2,1.076,normal,970,543
2026-06-10T09:46:39.285080,218,21,2.5,normal,444,1160
2026-06-10T09:46:39.285143,218,24,2.5,normal,162,1229
2026-06-10T09:46:39.285205,218,10,1.487,normal,1897,633
2026-06-10T09:46:39.285260,218,13,0.0,unknown,1830,590
2026-06-10T09:46:39.356050,219,2,1.087,normal,982,544
2026-06-10T09:46:39.356198,219,21,2.5,normal,326,1185
2026-06-10T09:46:39.356270,219,24,2.5,normal,41,1256
2026-06-10T09:46:39.356342,219,10,1.495,normal,1911,637
2026-06-10T09:46:39.356423,219,13,1.318,normal,1844,592
2026-06-10T09:46:39.427770,220,2,1.093,normal,994,548
2026-06-10T09:46:39.427901,220,21,2.5,normal,166,1221
2026-06-10T09:46:39.428257,220,24,2.5,normal,0,1296
2026-06-10T09:46:39.428322,220,10,1.51,normal,1928,640
2026-06-10T09:46:39.428383,220,13,1.293,normal,1856,589
2026-06-10T09:46:39.499545,221,2,1.108,normal,1010,548
2026-06-10T09:46:39.499922,221,21,2.5,normal,12,1267
2026-06-10T09:46:39.500362,221,10,1.515,normal,1940,644
2026-06-10T09:46:39.500440,221,13,1.273,normal,1870,589
2026-06-10T09:46:39.571972,222,2,1.119,normal,1020,551
2026-06-10T09:46:39.572117,222,10,1.538,normal,1967,646
2026-06-10T09:46:39.572525,222,13,1.234,normal,1878,591
2026-06-10T09:46:39.640962,223,2,1.121,normal,1033,551
2026-06-10T09:46:39.641126,223,10,1.564,normal,1987,654
2026-06-10T09:46:39.641524,223,13,1.183,normal,1884,594
2026-06-10T09:46:39.714111,224,2,1.121,normal,1049,549
2026-06-10T09:46:39.786641,225,2,1.119,normal,1059,551
2026-06-10T09:46:39.857666,226,2,1.115,normal,1068,550
2026-06-10T09:46:39.857817,226,10,0.0,unknown,2033,664
2026-06-10T09:46:39.858262,226,13,0.0,unknown,1935,600
2026-06-10T09:46:39.926835,227,10,0.0,unknown,2048,667
2026-06-10T09:46:39.926988,227,13,0.0,unknown,1953,601
2026-06-10T09:46:40.000210,228,10,0.0,unknown,2060,671
2026-06-10T09:46:40.072702,229,10,1.414,normal,2074,675
2026-06-10T09:46:40.145101,230,10,1.477,normal,2104,677
2026-06-10T09:46:40.215827,231,10,1.507,normal,2122,676
2026-06-10T09:46:40.216009,231,2,0.0,unknown,1135,556
2026-06-10T09:46:40.216460,231,13,0.0,unknown,1994,615
2026-06-10T09:46:40.287091,232,10,1.518,normal,2139,677
2026-06-10T09:46:40.287430,232,2,0.0,unknown,1149,556
2026-06-10T09:46:40.287874,232,13,0.0,unknown,2009,617
2026-06-10T09:46:40.358519,233,10,1.541,normal,2160,678
2026-06-10T09:46:40.358879,233,2,0.0,unknown,1162,556
2026-06-10T09:46:40.359338,233,13,0.0,unknown,2025,618
2026-06-10T09:46:40.429482,234,10,1.549,normal,2174,680
2026-06-10T09:46:40.429630,234,2,1.091,normal,1170,554
2026-06-10T09:46:40.429947,234,13,1.069,normal,2035,620
2026-06-10T09:46:40.501307,235,10,1.546,normal,2186,686
2026-06-10T09:46:40.501467,235,2,1.081,normal,1180,556
2026-06-10T09:46:40.501875,235,13,1.066,normal,2047,618
2026-06-10T09:46:40.571956,236,10,1.543,normal,2201,692
2026-06-10T09:46:40.572124,236,2,1.082,normal,1195,559
2026-06-10T09:46:40.572578,236,13,1.12,normal,2068,629
2026-06-10T09:46:40.642830,237,10,1.554,normal,2226,697
2026-06-10T09:46:40.643194,237,13,1.14,normal,2075,632
2026-06-10T09:46:40.716063,238,10,1.553,normal,2242,697
2026-06-10T09:46:40.716226,238,13,1.126,normal,2078,637
2026-06-10T09:46:40.716660,238,2,0.0,unknown,1217,559
2026-06-10T09:46:40.788309,239,10,1.556,normal,2262,698
2026-06-10T09:46:40.788467,239,13,1.145,normal,2099,636
2026-06-10T09:46:40.788872,239,2,0.0,unknown,1230,559
2026-06-10T09:46:40.860541,240,10,1.546,normal,2274,700
2026-06-10T09:46:40.860701,240,13,1.159,normal,2112,637
2026-06-10T09:46:40.861033,240,2,0.0,unknown,1240,561
2026-06-10T09:46:40.932470,241,10,1.54,normal,2291,705
2026-06-10T09:46:40.932654,241,13,1.172,normal,2124,635
2026-06-10T09:46:40.933072,241,2,1.041,normal,1252,564
2026-06-10T09:46:41.002864,242,10,1.54,normal,2306,712
2026-06-10T09:46:41.003031,242,13,1.166,normal,2131,638
2026-06-10T09:46:41.003379,242,2,1.002,normal,1257,567
2026-06-10T09:46:41.073107,243,10,1.528,normal,2313,714
2026-06-10T09:46:41.073279,243,13,1.147,normal,2138,642
2026-06-10T09:46:41.073594,243,2,0.958,slow,1265,569
2026-06-10T09:46:41.145421,244,10,1.532,normal,2338,721
2026-06-10T09:46:41.145565,244,13,1.12,normal,2141,646
2026-06-10T09:46:41.145881,244,2,0.948,slow,1280,570
2026-06-10T09:46:41.215596,245,10,1.54,normal,2369,719
2026-06-10T09:46:41.215775,245,13,1.092,normal,2147,652
2026-06-10T09:46:41.216200,245,2,0.963,slow,1299,572
2026-06-10T09:46:41.285403,246,10,1.54,normal,2383,719
2026-06-10T09:46:41.285790,246,13,1.063,normal,2153,654
2026-06-10T09:46:41.286135,246,2,0.968,slow,1310,572
2026-06-10T09:46:41.356619,247,10,1.539,normal,2397,717
2026-06-10T09:46:41.356979,247,13,1.058,normal,2175,654
2026-06-10T09:46:41.357391,247,2,0.978,slow,1322,568
2026-06-10T09:46:41.429311,248,10,1.528,normal,2412,722
2026-06-10T09:46:41.429480,248,13,1.069,normal,2198,653
2026-06-10T09:46:41.429814,248,2,0.985,slow,1332,567
2026-06-10T09:46:41.501013,249,10,1.504,normal,2416,726
2026-06-10T09:46:41.501172,249,13,1.082,normal,2211,657
2026-06-10T09:46:41.501554,249,2,0.98,slow,1337,567
2026-06-10T09:46:41.573838,250,10,1.477,normal,2427,731
2026-06-10T09:46:41.573987,250,13,1.099,normal,2224,659
2026-06-10T09:46:41.574413,250,2,0.986,slow,1352,569
2026-06-10T09:46:41.646228,251,13,1.09,normal,2234,664
2026-06-10T09:46:41.646410,251,2,0.991,slow,1364,569
2026-06-10T09:46:41.716484,252,13,1.077,normal,2239,667
2026-06-10T09:46:41.716755,252,2,0.983,slow,1369,568
2026-06-10T09:46:41.786060,253,13,1.094,normal,2262,674
2026-06-10T09:46:41.786216,253,2,0.975,slow,1379,566
2026-06-10T09:46:41.857990,254,13,1.087,normal,2274,672
2026-06-10T09:46:41.858206,254,2,0.972,slow,1396,567
2026-06-10T09:46:41.929835,255,13,1.096,normal,2295,671
2026-06-10T09:46:41.930048,255,2,0.969,slow,1405,567
2026-06-10T09:46:42.001725,256,13,1.086,normal,2302,677
2026-06-10T09:46:42.001906,256,2,0.967,slow,1418,569
2026-06-10T09:46:42.074171,257,13,1.086,normal,2312,682
2026-06-10T09:46:42.074426,257,2,0.969,slow,1424,568
2026-06-10T09:46:42.146478,258,13,1.087,normal,2317,685
2026-06-10T09:46:42.146821,258,2,0.965,slow,1428,568
2026-06-10T09:46:42.219020,259,13,1.089,normal,2322,687
2026-06-10T09:46:42.219211,259,2,0.957,slow,1438,567
2026-06-10T09:46:42.287159,260,13,1.108,normal,2339,687
2026-06-10T09:46:42.287352,260,2,0.96,slow,1461,567
2026-06-10T09:46:42.359000,261,13,1.135,normal,2352,688
2026-06-10T09:46:42.359216,261,2,0.965,slow,1474,567
2026-06-10T09:46:42.430158,262,13,1.147,normal,2372,692
2026-06-10T09:46:42.430328,262,2,0.967,slow,1487,567
2026-06-10T09:46:42.503588,263,13,1.152,normal,2390,695
2026-06-10T09:46:42.503915,263,2,0.968,slow,1497,570
2026-06-10T09:46:42.570891,264,13,1.153,normal,2399,697
2026-06-10T09:46:42.571282,264,2,0.969,slow,1504,572
2026-06-10T09:46:42.642394,265,13,1.14,normal,2405,702
2026-06-10T09:46:42.642599,265,2,0.964,slow,1516,580
2026-06-10T09:46:42.715703,266,13,1.128,normal,2416,706
2026-06-10T09:46:42.715892,266,2,0.956,slow,1524,582
2026-06-10T09:46:42.784617,267,13,1.121,normal,2426,708
2026-06-10T09:46:42.784862,267,2,0.954,slow,1532,585
2026-06-10T09:46:42.855961,268,13,1.1,normal,2449,709
2026-06-10T09:46:42.856128,268,2,0.968,slow,1551,586
2026-06-10T09:46:42.938007,269,13,1.077,normal,2462,711
2026-06-10T09:46:42.938479,269,2,0.977,slow,1567,586
2026-06-10T09:46:43.029751,270,13,1.029,normal,2466,716
2026-06-10T09:46:43.030150,270,2,0.988,slow,1579,588
2026-06-10T09:46:43.097476,271,2,1.001,normal,1595,592
2026-06-10T09:46:43.162769,272,2,1.01,normal,1601,598
2026-06-10T09:46:43.226457,273,2,1.016,normal,1604,601
2026-06-10T09:46:43.290159,274,2,1.018,normal,1614,604
2026-06-10T09:46:43.356133,275,2,1.032,normal,1645,608
2026-06-10T09:46:43.427636,276,2,1.042,normal,1657,609
2026-06-10T09:46:43.500145,277,2,1.05,normal,1671,611
2026-06-10T09:46:43.572343,278,2,1.066,normal,1686,620
2026-06-10T09:46:43.641699,279,2,1.079,normal,1695,625
2026-06-10T09:46:43.713881,280,2,1.084,normal,1702,633
2026-06-10T09:46:43.787178,281,2,1.094,normal,1714,640
2026-06-10T09:46:43.857729,282,2,1.105,normal,1724,647
2026-06-10T09:46:43.928705,283,2,1.11,normal,1746,650
2026-06-10T09:46:44.002573,284,2,1.12,normal,1769,658
2026-06-10T09:46:44.071147,285,2,1.125,normal,1778,661
2026-06-10T09:46:44.145115,286,2,1.122,normal,1789,667
2026-06-10T09:46:44.215841,287,2,1.133,normal,1802,679
2026-06-10T09:46:44.643694,293,2,0.0,unknown,1899,714
2026-06-10T09:46:44.717763,294,2,0.0,unknown,1903,715
2026-06-10T09:46:44.787381,295,2,0.0,unknown,1907,720
2026-06-10T09:46:44.930632,297,2,0.0,unknown,1938,727
2026-06-10T09:46:45.074072,299,2,0.0,unknown,1966,733
2026-06-10T09:46:45.149099,300,2,0.0,unknown,1973,734
2026-06-10T09:46:45.210876,301,2,0.0,unknown,1984,732
2026-06-10T09:46:45.284109,302,2,1.001,normal,1992,735
2026-06-10T09:46:45.918282,311,2,0.0,unknown,2135,762
2026-06-10T09:46:46.133589,314,2,0.0,unknown,2176,771
2026-06-10T09:46:46.202021,315,2,0.0,unknown,2184,772
2026-06-10T09:46:46.700455,322,2,0.0,unknown,2265,755
2026-06-10T09:46:47.200483,329,2,0.0,unknown,2382,812
2026-06-10T09:46:47.274090,330,2,0.0,unknown,2396,816
2026-06-10T09:46:47.490412,333,2,0.0,unknown,2422,823
2026-06-10T09:46:47.631217,335,32,0.0,unknown,2457,681
2026-06-10T09:46:47.703324,336,32,0.0,unknown,2464,683
2026-06-10T09:46:47.774917,337,32,0.0,unknown,2420,692
2026-06-10T09:46:50.711479,378,34,0.0,unknown,2296,1059
2026-06-10T09:46:50.778456,379,34,0.0,unknown,2201,1061
2026-06-10T09:46:50.846755,380,34,0.0,unknown,2070,1069
2026-06-10T09:46:50.917743,381,34,2.5,normal,1987,1073
2026-06-10T09:46:50.985955,382,34,2.5,normal,1867,1085
2026-06-10T09:46:51.056463,383,34,2.5,normal,1742,1093
2026-06-10T09:46:51.130654,384,34,2.5,normal,1658,1100
2026-06-10T09:46:51.203550,385,34,2.5,normal,1550,1108
2026-06-10T09:46:51.272969,386,34,2.5,normal,1415,1118
2026-06-10T09:46:51.344397,387,34,2.5,normal,1312,1124
2026-06-10T09:46:51.415515,388,34,2.5,normal,1185,1137
2026-06-10T09:46:51.487223,389,34,2.5,normal,1059,1153
2026-06-10T09:46:51.561204,390,34,2.5,normal,973,1165
2026-06-10T09:46:51.630950,391,34,2.5,normal,833,1180
2026-06-10T09:46:51.702895,392,34,2.5,normal,683,1197
2026-06-10T09:46:51.772540,393,34,2.5,normal,586,1211
2026-06-10T09:46:51.846611,394,34,2.5,normal,454,1229
2026-06-10T09:46:51.916940,395,34,2.5,normal,306,1253
2026-06-10T09:46:51.989180,396,34,2.5,normal,208,1273
2026-06-10T09:46:52.059818,397,34,2.5,normal,59,1298
2026-06-10T09:46:52.133599,398,34,2.5,normal,0,1329
2026-06-10T09:46:52.574266,404,36,0.0,unknown,769,251
2026-06-10T09:46:52.704743,406,36,0.0,unknown,767,250
2026-06-10T09:46:52.846343,408,36,0.0,unknown,767,251
2026-06-10T09:46:54.381567,429,1,0.0,unknown,165,464
2026-06-10T09:46:54.381825,429,2,0.0,unknown,269,440
2026-06-10T09:46:54.447852,430,1,0.0,unknown,164,466
2026-06-10T09:46:54.448038,430,2,0.0,unknown,269,441
2026-06-10T09:46:54.515587,431,1,0.0,unknown,163,466
2026-06-10T09:46:54.515780,431,3,0.0,unknown,278,439
2026-06-10T09:46:54.584509,432,1,0.358,danger,162,466
2026-06-10T09:46:54.584817,432,2,0.0,unknown,263,438
2026-06-10T09:46:54.651479,433,1,0.33,danger,162,466
2026-06-10T09:46:54.717972,434,1,0.295,danger,162,466
2026-06-10T09:46:54.718402,434,2,0.0,unknown,263,438
2026-06-10T09:46:54.782522,435,1,0.259,danger,162,465
2026-06-10T09:46:54.782686,435,2,0.0,unknown,262,437
2026-06-10T09:46:54.851272,436,1,0.227,danger,163,466
2026-06-10T09:46:54.851447,436,2,0.0,unknown,265,437
2026-06-10T09:46:54.921444,437,1,0.198,danger,163,465
2026-06-10T09:46:54.993667,438,1,0.173,danger,163,465
2026-06-10T09:46:54.993843,438,3,0.0,unknown,274,439
2026-06-10T09:46:55.067858,439,1,0.151,danger,162,464
2026-06-10T09:46:55.068068,439,2,0.0,unknown,272,440
2026-06-10T09:46:55.139594,440,1,0.133,danger,163,464
2026-06-10T09:46:55.139755,440,2,0.0,unknown,267,439
2026-06-10T09:46:55.212115,441,1,0.118,danger,163,464
2026-06-10T09:46:55.212454,441,3,0.0,unknown,275,439
2026-06-10T09:46:55.279929,442,1,0.106,danger,163,465
2026-06-10T09:46:55.280134,442,3,0.0,unknown,275,439
2026-06-10T09:46:55.354569,443,1,0.095,danger,164,464
2026-06-10T09:46:55.421921,444,1,0.087,danger,164,465
2026-06-10T09:46:55.422354,444,3,0.0,unknown,277,439
2026-06-10T09:46:55.496603,445,1,0.068,danger,164,464
2026-06-10T09:46:55.496779,445,3,0.0,unknown,276,439
2026-06-10T09:46:55.568654,446,1,0.05,danger,164,464
2026-06-10T09:46:55.639090,447,1,0.036,danger,165,464
2026-06-10T09:46:55.709605,448,1,0.027,danger,165,464
2026-06-10T09:46:55.709796,448,2,0.0,unknown,274,438
2026-06-10T09:46:55.779310,449,1,0.021,danger,165,464
2026-06-10T09:46:55.779655,449,5,0.0,unknown,245,495
2026-06-10T09:46:55.853827,450,1,0.017,danger,165,463
2026-06-10T09:46:55.853974,450,5,0.0,unknown,247,495
2026-06-10T09:46:55.922111,451,1,0.014,danger,165,463
2026-06-10T09:46:55.922386,451,5,0.0,unknown,246,491
2026-06-10T09:46:55.922788,451,2,0.0,unknown,277,438
2026-06-10T09:46:55.995730,452,1,0.012,danger,165,463
2026-06-10T09:46:55.995920,452,5,0.152,danger,240,489
2026-06-10T09:46:55.996323,452,2,0.0,unknown,274,438
2026-06-10T09:46:56.065638,453,1,0.01,danger,166,464
2026-06-10T09:46:56.065826,453,5,0.161,danger,237,489
2026-06-10T09:46:56.066119,453,2,0.0,unknown,272,438
2026-06-10T09:46:56.141241,454,1,0.008,danger,166,465
2026-06-10T09:46:56.141467,454,5,0.165,danger,235,491
2026-06-10T09:46:56.141887,454,2,0.045,danger,275,439
2026-06-10T09:46:56.209901,455,1,0.007,danger,166,464
2026-06-10T09:46:56.210087,455,5,0.164,danger,235,491
2026-06-10T09:46:56.210528,455,2,0.124,danger,268,440
2026-06-10T09:46:56.280879,456,1,0.005,danger,166,464
2026-06-10T09:46:56.281268,456,5,0.165,danger,235,492
2026-06-10T09:46:56.281651,456,2,0.183,danger,265,440
2026-06-10T09:46:56.352489,457,1,0.006,danger,167,464
2026-06-10T09:46:56.352643,457,5,0.161,danger,233,490
2026-06-10T09:46:56.352978,457,2,0.211,danger,266,439
2026-06-10T09:46:56.423653,458,1,0.007,danger,167,464
2026-06-10T09:46:56.423813,458,5,0.155,danger,233,490
2026-06-10T09:46:56.424252,458,2,0.225,danger,267,439
2026-06-10T09:46:56.495507,459,1,0.008,danger,167,463
2026-06-10T09:46:56.495688,459,5,0.149,danger,234,491
2026-06-10T09:46:56.496011,459,2,0.225,danger,266,439
2026-06-10T09:46:56.566091,460,1,0.007,danger,167,465
2026-06-10T09:46:56.566505,460,2,0.197,danger,266,439
2026-06-10T09:46:56.638280,461,1,0.006,danger,166,464
2026-06-10T09:46:56.638446,461,2,0.156,danger,270,439
2026-06-10T09:46:56.710654,462,1,0.021,danger,170,463
2026-06-10T09:46:56.710812,462,2,0.119,danger,272,439
2026-06-10T09:46:56.781889,463,1,0.041,danger,173,463
2026-06-10T09:46:56.782117,463,2,0.1,danger,269,439
2026-06-10T09:46:56.852943,464,1,0.058,danger,173,464
2026-06-10T09:46:56.853151,464,2,0.076,danger,274,439
2026-06-10T09:46:56.924095,465,1,0.06,danger,170,464
2026-06-10T09:46:56.924312,465,2,0.062,danger,277,439
2026-06-10T09:46:56.995975,466,1,0.05,danger,169,463
2026-06-10T09:46:56.996136,466,2,0.053,danger,279,439
2026-06-10T09:46:57.067330,467,1,0.04,danger,168,462
2026-06-10T09:46:57.067539,467,2,0.051,danger,279,439
2026-06-10T09:46:57.140379,468,1,0.032,danger,167,462
2026-06-10T09:46:57.140556,468,2,0.055,danger,280,438
2026-06-10T09:46:57.210880,469,1,0.027,danger,167,461
2026-06-10T09:46:57.211059,469,2,0.054,danger,281,439
2026-06-10T09:46:57.283517,470,1,0.045,danger,179,461
2026-06-10T09:46:57.283794,470,2,0.065,danger,276,439
2026-06-10T09:46:57.354363,471,1,0.066,danger,182,462
2026-06-10T09:46:57.354533,471,2,0.073,danger,269,438
2026-06-10T09:46:57.425546,472,1,0.074,danger,178,462
2026-06-10T09:46:57.425898,472,2,0.076,danger,268,439
2026-06-10T09:46:57.496832,473,1,0.071,danger,173,462
2026-06-10T09:46:57.497002,473,2,0.088,danger,272,439
2026-06-10T09:46:57.566320,474,1,0.06,danger,168,462
2026-06-10T09:46:57.566500,474,2,0.09,danger,271,441
2026-06-10T09:46:57.637112,475,1,0.052,danger,167,461
2026-06-10T09:46:57.637261,475,2,0.085,danger,273,441
2026-06-10T09:46:57.708964,476,1,0.045,danger,167,461
2026-06-10T09:46:57.709169,476,2,0.071,danger,274,441
2026-06-10T09:46:57.780656,477,1,0.045,danger,166,461
2026-06-10T09:46:57.780842,477,2,0.057,danger,276,441
2026-06-10T09:46:57.851616,478,1,0.054,danger,168,460
2026-06-10T09:46:57.851833,478,2,0.054,danger,276,442
2026-06-10T09:46:57.923121,479,1,0.064,danger,168,461
2026-06-10T09:46:57.923540,479,2,0.043,danger,276,442
2026-06-10T09:46:57.923819,479,9,0.0,unknown,242,502
2026-06-10T09:46:57.995060,480,1,0.063,danger,167,461
2026-06-10T09:46:57.995214,480,2,0.032,danger,276,442
2026-06-10T09:46:58.068030,481,1,0.053,danger,169,465
2026-06-10T09:46:58.068213,481,2,0.029,danger,275,443
2026-06-10T09:46:58.137041,482,1,0.043,danger,168,465
2026-06-10T09:46:58.137243,482,2,0.027,danger,274,444
2026-06-10T09:46:58.209415,483,1,0.038,danger,169,462
2026-06-10T09:46:58.209593,483,2,0.03,danger,272,444
2026-06-10T09:46:58.279722,484,1,0.041,danger,172,463
2026-06-10T09:46:58.279902,484,2,0.037,danger,269,444
2026-06-10T09:46:58.349490,485,1,0.039,danger,177,470
2026-06-10T09:46:58.349706,485,2,0.032,danger,271,444
2026-06-10T09:46:58.422605,486,1,0.043,danger,180,476
2026-06-10T09:46:58.422805,486,2,0.035,danger,274,444
2026-06-10T09:46:58.493372,487,1,0.055,danger,188,481
2026-06-10T09:46:58.493695,487,2,0.041,danger,276,445
2026-06-10T09:46:58.565424,488,1,0.081,danger,194,491
2026-06-10T09:46:58.565594,488,2,0.044,danger,277,444
2026-06-10T09:46:58.565971,488,10,0.0,unknown,157,452
2026-06-10T09:46:58.636135,489,1,0.117,danger,200,495
2026-06-10T09:46:58.636305,489,2,0.052,danger,280,444
2026-06-10T09:46:58.636684,489,10,0.0,unknown,156,452
2026-06-10T09:46:58.707380,490,1,0.157,danger,208,490
2026-06-10T09:46:58.707565,490,2,0.062,danger,284,444
2026-06-10T09:46:58.707977,490,10,0.0,unknown,154,453
2026-06-10T09:46:58.777503,491,1,0.201,danger,217,490
2026-06-10T09:46:58.777656,491,2,0.07,danger,284,443
2026-06-10T09:46:58.777980,491,10,0.147,danger,153,455
2026-06-10T09:46:58.849516,492,1,0.25,danger,227,490
2026-06-10T09:46:58.849678,492,2,0.069,danger,280,444
2026-06-10T09:46:58.850092,492,10,0.142,danger,153,457
2026-06-10T09:46:58.920848,493,1,0.293,danger,233,490
2026-06-10T09:46:58.921079,493,2,0.061,danger,278,445
2026-06-10T09:46:58.921540,493,10,0.144,danger,153,458
2026-06-10T09:46:58.991559,494,1,0.34,danger,243,491
2026-06-10T09:46:58.991886,494,10,0.145,danger,153,461
2026-06-10T09:46:59.063742,495,1,0.392,danger,252,491
2026-06-10T09:46:59.064081,495,10,0.142,danger,153,461
2026-06-10T09:46:59.064494,495,2,0.0,unknown,284,446
2026-06-10T09:46:59.136398,496,1,0.446,danger,263,499
2026-06-10T09:46:59.136564,496,10,0.135,danger,154,462
2026-06-10T09:46:59.209136,497,1,0.502,danger,272,505
2026-06-10T09:46:59.209281,497,10,0.125,danger,156,462
2026-06-10T09:46:59.281558,498,1,0.559,danger,285,507
2026-06-10T09:46:59.282280,498,10,0.115,danger,157,462
2026-06-10T09:46:59.349756,499,1,0.622,slow,301,503
2026-06-10T09:46:59.350074,499,10,0.108,danger,155,462
2026-06-10T09:46:59.350502,499,2,0.0,unknown,263,451
2026-06-10T09:46:59.421134,500,1,0.668,slow,306,498
2026-06-10T09:46:59.421284,500,10,0.103,danger,154,462
2026-06-10T09:46:59.421684,500,2,0.0,unknown,263,453
2026-06-10T09:46:59.492397,501,1,0.728,slow,327,497
2026-06-10T09:46:59.492569,501,10,0.099,danger,152,462
2026-06-10T09:46:59.492954,501,2,0.0,unknown,267,453
2026-06-10T09:46:59.564441,502,1,0.792,slow,346,502
2026-06-10T09:46:59.564823,502,10,0.101,danger,150,463
2026-06-10T09:46:59.565234,502,2,0.144,danger,269,453
2026-06-10T09:46:59.636087,503,1,0.848,slow,358,504
2026-06-10T09:46:59.636245,503,10,0.102,danger,148,462
2026-06-10T09:46:59.636582,503,2,0.145,danger,270,454
2026-06-10T09:46:59.707292,504,1,0.888,slow,362,503
2026-06-10T09:46:59.707603,504,10,0.107,danger,147,466
2026-06-10T09:46:59.707921,504,2,0.186,danger,267,455
2026-06-10T09:46:59.779350,505,1,0.925,slow,375,501
2026-06-10T09:46:59.779542,505,10,0.109,danger,145,467
2026-06-10T09:46:59.779839,505,2,0.225,danger,264,458
2026-06-10T09:46:59.851253,506,1,0.955,slow,387,499
2026-06-10T09:46:59.851571,506,10,0.11,danger,145,468
2026-06-10T09:46:59.851977,506,2,0.247,danger,262,458
2026-06-10T09:46:59.852052,506,13,0.0,unknown,315,494
2026-06-10T09:46:59.922890,507,1,0.997,slow,409,496
2026-06-10T09:46:59.923101,507,10,0.104,danger,147,467
2026-06-10T09:46:59.923496,507,2,0.242,danger,265,460
2026-06-10T09:46:59.923570,507,13,0.0,unknown,325,494
2026-06-10T09:46:59.994386,508,1,1.035,normal,422,497
2026-06-10T09:46:59.994536,508,10,0.097,danger,148,469
2026-06-10T09:46:59.994902,508,2,0.22,danger,267,462
2026-06-10T09:46:59.994965,508,13,0.0,unknown,332,492
2026-06-10T09:47:00.067110,509,1,1.064,normal,434,499
2026-06-10T09:47:00.067277,509,10,0.091,danger,150,470
2026-06-10T09:47:00.067713,509,2,0.187,danger,271,462
2026-06-10T09:47:00.067792,509,13,0.833,slow,341,489
2026-06-10T09:47:00.136861,510,1,1.094,normal,449,502
2026-06-10T09:47:00.137200,510,10,0.09,danger,150,474
2026-06-10T09:47:00.137481,510,2,0.16,danger,271,461
2026-06-10T09:47:00.137544,510,13,0.814,slow,344,496
2026-06-10T09:47:00.208335,511,1,1.126,normal,466,506
2026-06-10T09:47:00.208545,511,10,0.095,danger,151,476
2026-06-10T09:47:00.209003,511,2,0.14,danger,272,461
2026-06-10T09:47:00.280353,512,1,1.149,normal,475,508
2026-06-10T09:47:00.280506,512,10,0.101,danger,153,477
2026-06-10T09:47:00.280906,512,2,0.125,danger,272,460
2026-06-10T09:47:00.280971,512,14,0.0,unknown,338,508
2026-06-10T09:47:00.351802,513,1,1.163,normal,487,509
2026-06-10T09:47:00.352014,513,10,0.106,danger,156,476
2026-06-10T09:47:00.352427,513,2,0.11,danger,272,460
2026-06-10T09:47:00.422937,514,1,1.177,normal,506,506
2026-06-10T09:47:00.423115,514,10,0.111,danger,160,476
2026-06-10T09:47:00.423563,514,2,0.096,danger,270,461
2026-06-10T09:47:00.423636,514,13,0.0,unknown,388,501
2026-06-10T09:47:00.492808,515,1,1.203,normal,523,505
2026-06-10T09:47:00.493067,515,10,0.118,danger,162,478
2026-06-10T09:47:00.493420,515,2,0.088,danger,269,462
2026-06-10T09:47:00.493537,515,13,0.0,unknown,390,500
2026-06-10T09:47:00.559950,516,1,1.211,normal,537,509
2026-06-10T09:47:00.560340,516,10,0.129,danger,167,479
2026-06-10T09:47:00.560614,516,2,0.079,danger,268,463
2026-06-10T09:47:00.560675,516,13,0.0,unknown,408,506
2026-06-10T09:47:00.632490,517,1,1.211,normal,552,510
2026-06-10T09:47:00.632709,517,10,0.143,danger,170,482
2026-06-10T09:47:00.633067,517,2,0.069,danger,269,464
2026-06-10T09:47:00.633138,517,13,0.906,slow,416,508
2026-06-10T09:47:00.704185,518,1,1.207,normal,562,512
2026-06-10T09:47:00.704343,518,10,0.159,danger,173,487
2026-06-10T09:47:00.704714,518,2,0.061,danger,268,467
2026-06-10T09:47:00.704807,518,13,0.892,slow,423,509
2026-06-10T09:47:00.775728,519,1,1.22,normal,579,517
2026-06-10T09:47:00.776057,519,10,0.178,danger,177,489
2026-06-10T09:47:00.776433,519,2,0.059,danger,267,467
2026-06-10T09:47:00.776567,519,13,0.876,slow,430,508
2026-06-10T09:47:00.848661,520,1,1.238,normal,598,516
2026-06-10T09:47:00.848868,520,10,0.203,danger,182,491
2026-06-10T09:47:00.849345,520,2,0.064,danger,268,467
2026-06-10T09:47:00.849425,520,13,0.855,slow,438,508
2026-06-10T09:47:00.849496,520,17,0.0,unknown,770,253
2026-06-10T09:47:00.919362,521,1,1.255,normal,613,510
2026-06-10T09:47:00.919518,521,10,0.227,danger,185,492
2026-06-10T09:47:00.919792,521,2,0.071,danger,268,468
2026-06-10T09:47:00.919857,521,13,0.82,slow,443,507
2026-06-10T09:47:00.990616,522,1,1.259,normal,631,513
2026-06-10T09:47:00.990770,522,10,0.248,danger,189,491
2026-06-10T09:47:00.991038,522,2,0.072,danger,269,467
2026-06-10T09:47:00.991101,522,13,0.808,slow,456,506
2026-06-10T09:47:01.068035,523,1,1.27,normal,646,516
2026-06-10T09:47:01.068299,523,10,0.268,danger,196,488
2026-06-10T09:47:01.068614,523,2,0.067,danger,271,468
2026-06-10T09:47:01.068698,523,13,0.822,slow,471,506
2026-06-10T09:47:01.142402,524,1,1.278,normal,659,531
2026-06-10T09:47:01.142971,524,10,0.29,danger,202,490
2026-06-10T09:47:01.143077,524,2,0.058,danger,274,470
2026-06-10T09:47:01.143162,524,13,0.844,slow,484,507
2026-06-10T09:47:01.209778,525,1,1.271,normal,667,530
2026-06-10T09:47:01.209984,525,10,0.32,danger,210,493
2026-06-10T09:47:01.210300,525,2,0.051,danger,276,471
2026-06-10T09:47:01.210396,525,13,0.849,slow,487,506
2026-06-10T09:47:01.278690,526,1,1.269,normal,685,527
2026-06-10T09:47:01.279142,526,10,0.35,danger,219,498
2026-06-10T09:47:01.279499,526,2,0.045,danger,274,469
2026-06-10T09:47:01.279638,526,13,0.845,slow,492,505
2026-06-10T09:47:01.349333,527,1,1.277,normal,701,526
2026-06-10T09:47:01.349710,527,10,0.372,danger,222,499
2026-06-10T09:47:01.350121,527,2,0.044,danger,275,468
2026-06-10T09:47:01.350213,527,13,0.839,slow,500,503
2026-06-10T09:47:01.418023,528,1,1.301,normal,724,524
2026-06-10T09:47:01.418196,528,10,0.397,danger,232,498
2026-06-10T09:47:01.418556,528,13,0.837,slow,512,501
2026-06-10T09:47:01.489847,529,1,1.322,normal,746,534
2026-06-10T09:47:01.490178,529,10,0.418,danger,236,483
2026-06-10T09:47:01.490522,529,13,0.839,slow,523,498
2026-06-10T09:47:01.562500,530,1,1.329,normal,757,540
2026-06-10T09:47:01.562730,530,10,0.435,danger,239,475
2026-06-10T09:47:01.563176,530,13,0.846,slow,530,497
2026-06-10T09:47:01.633964,531,1,1.333,normal,766,531
2026-06-10T09:47:01.634130,531,10,0.453,danger,249,486
2026-06-10T09:47:01.634510,531,13,0.836,slow,540,498
2026-06-10T09:47:01.634594,531,17,0.0,unknown,770,251
2026-06-10T09:47:01.705500,532,1,1.334,normal,779,526
2026-06-10T09:47:01.705731,532,10,0.479,danger,261,500
2026-06-10T09:47:01.706078,532,13,0.836,slow,553,500
2026-06-10T09:47:01.706147,532,17,0.0,unknown,770,251
2026-06-10T09:47:01.776372,533,1,1.338,normal,789,523
2026-06-10T09:47:01.776518,533,10,0.508,danger,270,508
2026-06-10T09:47:01.776815,533,13,0.83,slow,557,500
2026-06-10T09:47:01.777087,533,17,0.0,unknown,770,251
2026-06-10T09:47:01.849040,534,1,1.35,normal,810,520
2026-06-10T09:47:01.849185,534,10,0.539,danger,283,512
2026-06-10T09:47:01.849591,534,13,0.824,slow,563,499
2026-06-10T09:47:01.849659,534,2,0.0,unknown,252,463
2026-06-10T09:47:01.921056,535,1,1.37,normal,836,518
2026-06-10T09:47:01.921230,535,10,0.57,danger,294,516
2026-06-10T09:47:01.921665,535,13,0.828,slow,576,497
2026-06-10T09:47:01.921731,535,2,0.0,unknown,255,462
2026-06-10T09:47:01.990779,536,1,1.379,normal,851,521
2026-06-10T09:47:01.991092,536,10,0.598,danger,302,518
2026-06-10T09:47:01.991509,536,13,0.833,slow,582,496
2026-06-10T09:47:01.991576,536,2,0.0,unknown,263,462
2026-06-10T09:47:02.063124,537,1,1.38,normal,864,521
2026-06-10T09:47:02.063482,537,10,0.625,slow,310,515
2026-06-10T09:47:02.063869,537,13,0.837,slow,596,501
2026-06-10T09:47:02.063945,537,2,0.397,danger,266,462
2026-06-10T09:47:02.135576,538,1,1.377,normal,879,525
2026-06-10T09:47:02.135888,538,10,0.662,slow,326,519
2026-06-10T09:47:02.136221,538,13,0.835,slow,610,503
2026-06-10T09:47:02.136282,538,2,0.391,danger,270,462
2026-06-10T09:47:02.136337,538,17,0.0,unknown,770,254
2026-06-10T09:47:02.205156,539,1,1.38,normal,892,525
2026-06-10T09:47:02.205522,539,10,0.687,slow,330,518
2026-06-10T09:47:02.205846,539,13,0.82,slow,617,504
2026-06-10T09:47:02.205905,539,2,0.367,danger,270,461
2026-06-10T09:47:02.205968,539,17,0.0,unknown,769,252
2026-06-10T09:47:02.277190,540,1,1.394,normal,907,522
2026-06-10T09:47:02.277348,540,10,0.713,slow,342,522
2026-06-10T09:47:02.277629,540,13,0.816,slow,624,503
2026-06-10T09:47:02.277688,540,2,0.345,danger,272,460
2026-06-10T09:47:02.277739,540,17,0.0,unknown,768,251
2026-06-10T09:47:02.348593,541,1,1.415,normal,933,517
2026-06-10T09:47:02.348931,541,10,0.734,slow,351,522
2026-06-10T09:47:02.349332,541,13,0.819,slow,633,501
2026-06-10T09:47:02.349407,541,2,0.315,danger,272,460
2026-06-10T09:47:02.349482,541,17,0.021,danger,769,251
2026-06-10T09:47:02.417620,542,1,1.42,normal,943,517
2026-06-10T09:47:02.417801,542,10,0.764,slow,362,520
2026-06-10T09:47:02.417877,542,13,0.819,slow,639,501
2026-06-10T09:47:02.417940,542,2,0.289,danger,273,459
2026-06-10T09:47:02.492356,543,1,1.429,normal,968,516
2026-06-10T09:47:02.492734,543,10,0.79,slow,374,518
2026-06-10T09:47:02.493127,543,13,0.826,slow,655,501
2026-06-10T09:47:02.493200,543,2,0.265,danger,273,458
2026-06-10T09:47:02.562415,544,1,1.428,normal,984,518
2026-06-10T09:47:02.562611,544,10,0.819,slow,386,517
2026-06-10T09:47:02.563014,544,13,0.839,slow,671,501
2026-06-10T09:47:02.563087,544,2,0.227,danger,266,458
2026-06-10T09:47:02.636108,545,1,1.43,normal,996,519
2026-06-10T09:47:02.636258,545,10,0.853,slow,399,519
2026-06-10T09:47:02.636641,545,13,0.852,slow,678,498
2026-06-10T09:47:02.636703,545,2,0.192,danger,263,457
2026-06-10T09:47:02.707927,546,1,1.44,normal,1014,519
2026-06-10T09:47:02.708081,546,10,0.887,slow,413,523
2026-06-10T09:47:02.708514,546,13,0.857,slow,686,500
2026-06-10T09:47:02.708584,546,2,0.163,danger,263,457
2026-06-10T09:47:02.778591,547,1,1.456,normal,1035,518
2026-06-10T09:47:02.778793,547,10,0.911,slow,425,526
2026-06-10T09:47:02.779104,547,13,0.854,slow,695,499
2026-06-10T09:47:02.779167,547,2,0.144,danger,264,457
2026-06-10T09:47:02.850187,548,1,1.468,normal,1047,516
2026-06-10T09:47:02.850350,548,10,0.926,slow,433,527
2026-06-10T09:47:02.850761,548,13,0.851,slow,699,499
2026-06-10T09:47:02.850832,548,2,0.136,danger,268,458
2026-06-10T09:47:02.921876,549,1,1.468,normal,1065,515
2026-06-10T09:47:02.922218,549,10,0.938,slow,446,526
2026-06-10T09:47:02.922513,549,13,0.855,slow,712,503
2026-06-10T09:47:02.922585,549,2,0.131,danger,270,459
2026-06-10T09:47:02.991462,550,1,1.446,normal,1079,517
2026-06-10T09:47:02.991669,550,10,0.957,slow,464,522
2026-06-10T09:47:02.992069,550,13,0.863,slow,730,501
2026-06-10T09:47:02.992253,550,2,0.12,danger,270,460
2026-06-10T09:47:03.062952,551,1,1.427,normal,1090,520
2026-06-10T09:47:03.063323,551,10,0.974,slow,475,521
2026-06-10T09:47:03.063736,551,13,0.875,slow,738,499
2026-06-10T09:47:03.063814,551,2,0.097,danger,269,460
2026-06-10T09:47:03.135462,552,1,1.422,normal,1106,523
2026-06-10T09:47:03.135806,552,10,1.011,normal,497,523
2026-06-10T09:47:03.136128,552,13,0.88,slow,749,499
2026-06-10T09:47:03.136197,552,2,0.076,danger,268,460
2026-06-10T09:47:03.207215,553,1,1.424,normal,1124,526
2026-06-10T09:47:03.207401,553,10,1.037,normal,513,526
2026-06-10T09:47:03.207817,553,13,0.881,slow,762,503
2026-06-10T09:47:03.207900,553,2,0.054,danger,268,460
2026-06-10T09:47:03.279580,554,1,1.421,normal,1136,527
2026-06-10T09:47:03.279755,554,10,1.056,normal,518,528
2026-06-10T09:47:03.280176,554,13,0.882,slow,769,504
2026-06-10T09:47:03.280252,554,2,0.041,danger,270,460
2026-06-10T09:47:03.348727,555,1,1.441,normal,1165,525
2026-06-10T09:47:03.349020,555,10,1.071,normal,533,527
2026-06-10T09:47:03.349427,555,13,0.878,slow,774,504
2026-06-10T09:47:03.349501,555,2,0.03,danger,272,461
2026-06-10T09:47:03.421987,556,1,1.442,normal,1184,524
2026-06-10T09:47:03.422163,556,10,1.09,normal,547,525
2026-06-10T09:47:03.422581,556,13,0.875,slow,784,504
2026-06-10T09:47:03.422674,556,2,0.026,danger,273,461
2026-06-10T09:47:03.494147,557,1,1.444,normal,1195,523
2026-06-10T09:47:03.494298,557,10,1.102,normal,558,521
2026-06-10T09:47:03.494730,557,13,0.874,slow,791,504
2026-06-10T09:47:03.494793,557,2,0.022,danger,271,462
2026-06-10T09:47:03.565091,558,1,1.431,normal,1212,526
2026-06-10T09:47:03.565292,558,10,1.11,normal,572,524
2026-06-10T09:47:03.565669,558,13,0.873,slow,806,499
2026-06-10T09:47:03.565764,558,2,0.024,danger,270,466
2026-06-10T09:47:03.637149,559,1,1.421,normal,1229,529
2026-06-10T09:47:03.637321,559,10,1.117,normal,585,526
2026-06-10T09:47:03.637711,559,13,0.869,slow,820,499
2026-06-10T09:47:03.637795,559,2,0.026,danger,269,468
2026-06-10T09:47:03.707304,560,1,1.409,normal,1238,531
2026-06-10T09:47:03.707508,560,10,1.115,normal,592,527
2026-06-10T09:47:03.707923,560,13,0.865,slow,828,499
2026-06-10T09:47:03.707994,560,2,0.03,danger,269,469
2026-06-10T09:47:03.778465,561,1,1.392,normal,1250,528
2026-06-10T09:47:03.778612,561,10,1.107,normal,603,527
2026-06-10T09:47:03.778958,561,13,0.866,slow,838,501
2026-06-10T09:47:03.779024,561,2,0.033,danger,267,470
2026-06-10T09:47:03.852763,562,1,1.381,normal,1271,527
2026-06-10T09:47:03.852932,562,10,1.115,normal,622,526
2026-06-10T09:47:03.853262,562,13,0.867,slow,848,507
2026-06-10T09:47:03.853329,562,2,0.035,danger,268,471
2026-06-10T09:47:03.922044,563,1,1.386,normal,1295,526
2026-06-10T09:47:03.922218,563,10,1.131,normal,637,524
2026-06-10T09:47:03.922533,563,13,0.874,slow,857,508
2026-06-10T09:47:03.922615,563,2,0.039,danger,267,471
2026-06-10T09:47:03.994637,564,1,1.391,normal,1311,528
2026-06-10T09:47:03.994791,564,10,1.143,normal,649,524
2026-06-10T09:47:03.995175,564,13,0.883,slow,870,505
2026-06-10T09:47:03.995245,564,2,0.043,danger,269,472
2026-06-10T09:47:03.995311,564,17,0.0,unknown,772,256
2026-06-10T09:47:04.065303,565,1,1.401,normal,1327,532
2026-06-10T09:47:04.065489,565,10,1.151,normal,665,522
2026-06-10T09:47:04.065900,565,13,0.885,slow,886,505
2026-06-10T09:47:04.065985,565,2,0.046,danger,266,473
2026-06-10T09:47:04.137657,566,1,1.423,normal,1344,536
2026-06-10T09:47:04.137994,566,10,1.165,normal,678,521
2026-06-10T09:47:04.138091,566,13,0.888,slow,895,504
2026-06-10T09:47:04.138170,566,2,0.057,danger,260,472
2026-06-10T09:47:04.208437,567,1,1.434,normal,1358,539
2026-06-10T09:47:04.208638,567,10,1.152,normal,688,526
2026-06-10T09:47:04.209038,567,13,0.889,slow,904,504
2026-06-10T09:47:04.209110,567,2,0.065,danger,260,474
2026-06-10T09:47:04.280809,568,1,1.434,normal,1373,542
2026-06-10T09:47:04.281140,568,10,1.138,normal,701,526
2026-06-10T09:47:04.281546,568,13,0.888,slow,915,505
2026-06-10T09:47:04.281623,568,2,0.077,danger,259,477
2026-06-10T09:47:04.351724,569,1,1.424,normal,1380,542
2026-06-10T09:47:04.352105,569,10,1.138,normal,713,523
2026-06-10T09:47:04.352439,569,13,0.886,slow,921,507
2026-06-10T09:47:04.352508,569,2,0.09,danger,258,479
2026-06-10T09:47:04.423954,570,1,1.407,normal,1404,543
2026-06-10T09:47:04.424097,570,10,1.141,normal,731,522
2026-06-10T09:47:04.424521,570,13,0.885,slow,926,507
2026-06-10T09:47:04.424604,570,2,0.1,danger,260,479
2026-06-10T09:47:04.493150,571,1,1.407,normal,1431,542
2026-06-10T09:47:04.493523,571,10,1.144,normal,745,519
2026-06-10T09:47:04.493845,571,13,0.896,slow,943,507
2026-06-10T09:47:04.493915,571,2,0.109,danger,259,480
2026-06-10T09:47:04.567652,572,1,1.41,normal,1444,543
2026-06-10T09:47:04.567887,572,10,1.141,normal,755,519
2026-06-10T09:47:04.568296,572,13,0.909,slow,957,505
2026-06-10T09:47:04.568367,572,2,0.112,danger,260,480
2026-06-10T09:47:04.636540,573,1,1.412,normal,1460,546
2026-06-10T09:47:04.636826,573,10,1.136,normal,766,521
2026-06-10T09:47:04.637145,573,13,0.915,slow,969,505
2026-06-10T09:47:04.637220,573,2,0.11,danger,261,481
2026-06-10T09:47:04.709151,574,1,1.416,normal,1476,550
2026-06-10T09:47:04.709371,574,10,1.135,normal,781,526
2026-06-10T09:47:04.709759,574,13,0.914,slow,981,506
2026-06-10T09:47:04.709839,574,2,0.111,danger,260,482
2026-06-10T09:47:04.780332,575,1,1.417,normal,1482,553
2026-06-10T09:47:04.780507,575,10,1.143,normal,794,527
2026-06-10T09:47:04.780866,575,13,0.915,slow,989,508
2026-06-10T09:47:04.780938,575,2,0.113,danger,260,483
2026-06-10T09:47:04.852247,576,1,1.422,normal,1496,553
2026-06-10T09:47:04.852407,576,10,1.162,normal,813,526
2026-06-10T09:47:04.852776,576,13,0.91,slow,995,511
2026-06-10T09:47:04.852843,576,2,0.117,danger,264,486
2026-06-10T09:47:04.923653,577,1,1.423,normal,1517,552
2026-06-10T09:47:04.924005,577,10,1.173,normal,830,525
2026-06-10T09:47:04.924361,577,13,0.905,slow,1003,513
2026-06-10T09:47:04.924429,577,2,0.134,danger,270,500
2026-06-10T09:47:04.996044,578,1,1.425,normal,1540,551
2026-06-10T09:47:04.996416,578,10,1.177,normal,842,524
2026-06-10T09:47:04.996780,578,13,0.902,slow,1012,513
2026-06-10T09:47:04.996859,578,2,0.146,danger,271,501
2026-06-10T09:47:05.065972,579,1,1.432,normal,1560,554
2026-06-10T09:47:05.066115,579,10,1.187,normal,857,523
2026-06-10T09:47:05.066552,579,13,0.896,slow,1025,512
2026-06-10T09:47:05.066626,579,2,0.156,danger,270,499
2026-06-10T09:47:05.137334,580,1,1.435,normal,1577,558
2026-06-10T09:47:05.137602,580,10,1.187,normal,869,524
2026-06-10T09:47:05.138014,580,13,0.887,slow,1036,511
2026-06-10T09:47:05.138094,580,2,0.163,danger,273,499
2026-06-10T09:47:05.210127,581,1,1.424,normal,1587,562
2026-06-10T09:47:05.210480,581,10,1.177,normal,877,525
2026-06-10T09:47:05.210789,581,13,0.877,slow,1045,512
2026-06-10T09:47:05.210858,581,2,0.174,danger,276,498
2026-06-10T09:47:05.281921,582,1,1.414,normal,1599,567
2026-06-10T09:47:05.282115,582,10,1.192,normal,899,526
2026-06-10T09:47:05.282533,582,13,0.885,slow,1063,513
2026-06-10T09:47:05.282602,582,2,0.181,danger,277,498
2026-06-10T09:47:05.351944,583,1,1.415,normal,1617,571
2026-06-10T09:47:05.352301,583,10,1.212,normal,919,525
2026-06-10T09:47:05.352634,583,13,0.89,slow,1072,515
2026-06-10T09:47:05.352705,583,2,0.192,danger,280,499
2026-06-10T09:47:05.423582,584,1,1.431,normal,1632,570
2026-06-10T09:47:05.423762,584,10,1.225,normal,930,524
2026-06-10T09:47:05.424206,584,13,0.892,slow,1078,516
2026-06-10T09:47:05.424273,584,2,0.207,danger,283,503
2026-06-10T09:47:05.493801,585,1,1.458,normal,1665,569
2026-06-10T09:47:05.493973,585,10,1.233,normal,948,523
2026-06-10T09:47:05.494313,585,13,0.904,slow,1091,516
2026-06-10T09:47:05.494382,585,2,0.228,danger,290,510
2026-06-10T09:47:05.567192,586,1,1.475,normal,1690,569
2026-06-10T09:47:05.567363,586,10,1.23,normal,958,527
2026-06-10T09:47:05.567742,586,13,0.905,slow,1105,516
2026-06-10T09:47:05.567826,586,2,0.258,danger,297,513
2026-06-10T09:47:05.637152,587,1,1.487,normal,1703,570
2026-06-10T09:47:05.637309,587,10,1.228,normal,966,528
2026-06-10T09:47:05.637704,587,13,0.897,slow,1112,515
2026-06-10T09:47:05.637779,587,2,0.287,danger,304,516
2026-06-10T09:47:05.708468,588,1,1.502,normal,1722,573
2026-06-10T09:47:05.708624,588,10,1.228,normal,976,529
2026-06-10T09:47:05.709063,588,13,0.907,slow,1132,511
2026-06-10T09:47:05.709138,588,2,0.313,danger,311,513
2026-06-10T09:47:05.780410,589,1,1.507,normal,1733,578
2026-06-10T09:47:05.780576,589,10,1.241,normal,996,528
2026-06-10T09:47:05.781008,589,13,0.924,slow,1148,510
2026-06-10T09:47:05.781075,589,2,0.341,danger,320,511
2026-06-10T09:47:05.854128,590,1,1.516,normal,1743,580
2026-06-10T09:47:05.854302,590,10,1.249,normal,1010,527
2026-06-10T09:47:05.854658,590,13,0.934,slow,1154,512
2026-06-10T09:47:05.854745,590,2,0.371,danger,326,513
2026-06-10T09:47:05.854811,590,17,0.0,unknown,768,250
2026-06-10T09:47:05.924154,591,1,1.539,normal,1769,580
2026-06-10T09:47:05.924306,591,10,1.248,normal,1025,526
2026-06-10T09:47:05.924721,591,13,0.941,slow,1160,514
2026-06-10T09:47:05.924801,591,2,0.397,danger,332,517
2026-06-10T09:47:05.995217,592,1,1.568,normal,1798,578
2026-06-10T09:47:05.995374,592,10,1.245,normal,1042,527
2026-06-10T09:47:05.995721,592,13,0.962,slow,1177,515
2026-06-10T09:47:05.995808,592,2,0.422,danger,343,520
2026-06-10T09:47:05.995880,592,17,0.0,unknown,768,250
2026-06-10T09:47:06.067465,593,1,1.581,normal,1816,578
2026-06-10T09:47:06.067631,593,10,1.246,normal,1056,531
2026-06-10T09:47:06.068013,593,13,0.979,slow,1188,514
2026-06-10T09:47:06.068085,593,2,0.451,danger,349,524
2026-06-10T09:47:06.139580,594,1,1.577,normal,1829,582
2026-06-10T09:47:06.139802,594,10,1.245,normal,1071,536
2026-06-10T09:47:06.140219,594,13,0.993,slow,1200,516
2026-06-10T09:47:06.140304,594,2,0.484,danger,358,522
2026-06-10T09:47:06.211602,595,1,1.585,normal,1848,588
2026-06-10T09:47:06.211825,595,10,1.251,normal,1089,538
2026-06-10T09:47:06.212200,595,13,1.006,normal,1210,516
2026-06-10T09:47:06.212274,595,2,0.519,danger,369,523
2026-06-10T09:47:06.283167,596,1,1.59,normal,1856,592
2026-06-10T09:47:06.283336,596,10,1.259,normal,1100,538
2026-06-10T09:47:06.283756,596,13,1.015,normal,1218,517
2026-06-10T09:47:06.283825,596,2,0.555,danger,380,523
2026-06-10T09:47:06.353338,597,1,1.594,normal,1868,594
2026-06-10T09:47:06.353477,597,10,1.245,normal,1114,536
2026-06-10T09:47:06.353871,597,13,1.004,normal,1227,520
2026-06-10T09:47:06.353938,597,2,0.592,danger,387,524
2026-06-10T09:47:06.423576,598,1,1.614,normal,1899,596
2026-06-10T09:47:06.423865,598,10,1.228,normal,1130,534
2026-06-10T09:47:06.424262,598,13,0.996,slow,1236,522
2026-06-10T09:47:06.424342,598,2,0.632,slow,399,527
2026-06-10T09:47:06.497619,599,1,1.644,normal,1926,596
2026-06-10T09:47:06.497988,599,10,1.213,normal,1140,533
2026-06-10T09:47:06.498414,599,13,0.996,slow,1246,522
2026-06-10T09:47:06.498492,599,2,0.664,slow,404,528
2026-06-10T09:47:06.568082,600,1,1.647,normal,1949,594
2026-06-10T09:47:06.568238,600,10,1.211,normal,1159,539
2026-06-10T09:47:06.568649,600,13,1.007,normal,1265,521
2026-06-10T09:47:06.568720,600,2,0.691,slow,414,529
2026-06-10T09:47:06.640443,601,1,1.639,normal,1966,597
2026-06-10T09:47:06.640626,601,10,1.226,normal,1177,542
2026-06-10T09:47:06.641036,601,13,1.013,normal,1277,520
2026-06-10T09:47:06.641119,601,2,0.723,slow,431,529
2026-06-10T09:47:06.712757,602,1,1.642,normal,1982,600
2026-06-10T09:47:06.712920,602,10,1.24,normal,1188,542
2026-06-10T09:47:06.713362,602,13,1.018,normal,1284,520
2026-06-10T09:47:06.713443,602,2,0.75,slow,441,528
2026-06-10T09:47:06.784045,603,1,1.633,normal,1994,606
2026-06-10T09:47:06.784253,603,10,1.251,normal,1202,543
2026-06-10T09:47:06.784607,603,13,1.0,normal,1294,523
2026-06-10T09:47:06.784686,603,2,0.771,slow,449,529
2026-06-10T09:47:06.854793,604,1,1.653,normal,2025,609
2026-06-10T09:47:06.854990,604,10,1.246,normal,1218,542
2026-06-10T09:47:06.855390,604,13,0.975,slow,1302,527
2026-06-10T09:47:06.855468,604,2,0.791,slow,461,531
2026-06-10T09:47:06.924620,605,1,1.664,normal,2034,611
2026-06-10T09:47:06.924799,605,10,1.24,normal,1230,543
2026-06-10T09:47:06.925189,605,13,0.963,slow,1314,528
2026-06-10T09:47:06.925265,605,2,0.812,slow,471,534
2026-06-10T09:47:06.997132,606,1,1.688,normal,2071,613
2026-06-10T09:47:06.997285,606,10,1.242,normal,1247,542
2026-06-10T09:47:06.997600,606,13,0.966,slow,1327,529
2026-06-10T09:47:06.997662,606,2,0.832,slow,481,536
2026-06-10T09:47:07.067628,607,1,1.697,normal,2094,612
2026-06-10T09:47:07.067840,607,10,1.24,normal,1261,543
2026-06-10T09:47:07.068156,607,13,0.969,slow,1345,527
2026-06-10T09:47:07.068221,607,2,0.854,slow,497,538
2026-06-10T09:47:07.139962,608,1,1.692,normal,2106,613
2026-06-10T09:47:07.140284,608,10,1.229,normal,1268,547
2026-06-10T09:47:07.140627,608,13,0.975,slow,1359,526
2026-06-10T09:47:07.140694,608,2,0.871,slow,505,537
2026-06-10T09:47:07.211684,609,1,1.688,normal,2117,620
2026-06-10T09:47:07.211871,609,10,1.233,normal,1290,549
2026-06-10T09:47:07.212223,609,13,0.965,slow,1368,530
2026-06-10T09:47:07.212285,609,2,0.888,slow,518,537
2026-06-10T09:47:07.283206,610,1,1.681,normal,2133,627
2026-06-10T09:47:07.283489,610,10,1.233,normal,1307,548
2026-06-10T09:47:07.283883,610,13,0.976,slow,1387,536
2026-06-10T09:47:07.283959,610,2,0.906,slow,533,536
2026-06-10T09:47:07.354096,611,1,1.695,normal,2154,628
2026-06-10T09:47:07.354274,611,10,1.236,normal,1322,546
2026-06-10T09:47:07.354665,611,13,0.986,slow,1396,536
2026-06-10T09:47:07.354750,611,2,0.921,slow,546,538
2026-06-10T09:47:07.425972,612,1,1.715,normal,2175,637
2026-06-10T09:47:07.426148,612,10,1.241,normal,1335,547
2026-06-10T09:47:07.426553,612,13,0.996,slow,1407,535
2026-06-10T09:47:07.426619,612,2,0.936,slow,556,542
2026-06-10T09:47:07.497955,613,1,1.714,normal,2197,641
2026-06-10T09:47:07.498150,613,10,1.256,normal,1354,551
2026-06-10T09:47:07.498583,613,13,1.005,normal,1420,537
2026-06-10T09:47:07.498656,613,2,0.948,slow,570,543
2026-06-10T09:47:07.568771,614,1,1.702,normal,2216,644
2026-06-10T09:47:07.568975,614,10,1.275,normal,1368,558
2026-06-10T09:47:07.569320,614,2,0.962,slow,579,542
2026-06-10T09:47:07.569384,614,17,0.0,unknown,768,243
2026-06-10T09:47:07.640177,615,1,1.693,normal,2240,661
2026-06-10T09:47:07.640595,615,2,0.976,slow,591,541
2026-06-10T09:47:07.710208,616,1,1.731,normal,2279,655
2026-06-10T09:47:07.710358,616,2,0.979,slow,603,538
2026-06-10T09:47:07.710686,616,10,0.0,unknown,1403,563
2026-06-10T09:47:07.710746,616,17,0.0,unknown,768,244
2026-06-10T09:47:07.783815,617,1,1.757,normal,2291,657
2026-06-10T09:47:07.783977,617,2,0.979,slow,611,536
2026-06-10T09:47:07.784319,617,10,0.0,unknown,1416,562
2026-06-10T09:47:07.784381,617,17,0.0,unknown,768,243
2026-06-10T09:47:07.855698,618,1,1.765,normal,2294,657
2026-06-10T09:47:07.855872,618,2,0.99,slow,624,537
2026-06-10T09:47:07.856273,618,10,0.0,unknown,1433,562
2026-06-10T09:47:07.856346,618,17,0.0,unknown,768,243
2026-06-10T09:47:07.926018,619,1,1.729,normal,2299,654
2026-06-10T09:47:07.926327,619,2,0.999,slow,635,539
2026-06-10T09:47:07.926681,619,10,1.222,normal,1448,561
2026-06-10T09:47:07.998219,620,1,1.712,normal,2317,677
2026-06-10T09:47:07.998588,620,2,0.999,slow,642,539
2026-06-10T09:47:07.998976,620,10,1.2,normal,1459,563
2026-06-10T09:47:08.068913,621,1,1.685,normal,2345,686
2026-06-10T09:47:08.069081,621,2,1.005,normal,656,538
2026-06-10T09:47:08.069434,621,10,1.204,normal,1473,565
2026-06-10T09:47:08.141402,622,1,1.677,normal,2373,691
2026-06-10T09:47:08.141566,622,2,1.004,normal,668,537
2026-06-10T09:47:08.141890,622,10,1.214,normal,1487,569
2026-06-10T09:47:08.212367,623,1,1.683,normal,2390,690
2026-06-10T09:47:08.212525,623,2,1.009,normal,679,537
2026-06-10T09:47:08.212907,623,10,1.214,normal,1497,566
2026-06-10T09:47:08.282790,624,1,1.68,normal,2398,683
2026-06-10T09:47:08.283001,624,2,1.012,normal,692,538
2026-06-10T09:47:08.283428,624,10,1.251,normal,1522,563
2026-06-10T09:47:08.354272,625,1,1.654,normal,2408,698
2026-06-10T09:47:08.354642,625,2,1.019,normal,708,539
2026-06-10T09:47:08.355036,625,13,0.0,unknown,1555,563
2026-06-10T09:47:08.427286,626,1,1.613,normal,2418,717
2026-06-10T09:47:08.427464,626,2,1.014,normal,714,542
2026-06-10T09:47:08.427792,626,10,0.0,unknown,1556,566
2026-06-10T09:47:08.499066,627,2,1.005,normal,721,543
2026-06-10T09:47:08.499355,627,13,0.0,unknown,1573,561
2026-06-10T09:47:08.569714,628,2,1.006,normal,741,543
2026-06-10T09:47:08.569865,628,21,0.0,unknown,2293,966
2026-06-10T09:47:08.570155,628,13,0.0,unknown,1582,563
2026-06-10T09:47:08.642539,629,2,1.012,normal,753,541
2026-06-10T09:47:08.642704,629,21,0.0,unknown,2242,967
2026-06-10T09:47:08.643106,629,13,0.0,unknown,1590,566
2026-06-10T09:47:08.713865,630,2,1.016,normal,766,537
2026-06-10T09:47:08.714097,630,21,0.0,unknown,2259,935
2026-06-10T09:47:08.714428,630,10,0.0,unknown,1613,576
2026-06-10T09:47:08.783743,631,2,1.021,normal,779,536
2026-06-10T09:47:08.783905,631,21,2.5,normal,2180,928
2026-06-10T09:47:08.784323,631,24,0.0,unknown,1974,973
2026-06-10T09:47:08.784381,631,10,0.0,unknown,1632,574
2026-06-10T09:47:08.856021,632,2,1.027,normal,788,535
2026-06-10T09:47:08.856199,632,21,2.5,normal,2114,929
2026-06-10T09:47:08.856606,632,24,0.0,unknown,1913,976
2026-06-10T09:47:08.856667,632,10,0.0,unknown,1644,572
2026-06-10T09:47:08.927652,633,2,1.027,normal,800,536
2026-06-10T09:47:08.927852,633,21,2.5,normal,2014,938
2026-06-10T09:47:08.928162,633,24,0.0,unknown,1798,988
2026-06-10T09:47:08.928229,633,10,1.493,normal,1664,571
2026-06-10T09:47:09.000338,634,2,1.023,normal,809,537
2026-06-10T09:47:09.000675,634,21,2.5,normal,1900,951
2026-06-10T09:47:09.001082,634,24,2.5,normal,1675,999
2026-06-10T09:47:09.001158,634,10,1.511,normal,1683,574
2026-06-10T09:47:09.070379,635,2,1.025,normal,818,536
2026-06-10T09:47:09.070558,635,21,2.5,normal,1815,961
2026-06-10T09:47:09.070876,635,24,2.5,normal,1589,1006
2026-06-10T09:47:09.070943,635,10,1.504,normal,1695,578
2026-06-10T09:47:09.140956,636,2,1.028,normal,835,535
2026-06-10T09:47:09.141097,636,21,2.5,normal,1702,973
2026-06-10T09:47:09.141534,636,24,2.5,normal,1469,1021
2026-06-10T09:47:09.141602,636,10,1.47,normal,1703,583
2026-06-10T09:47:09.214393,637,2,1.039,normal,852,534
2026-06-10T09:47:09.214596,637,21,2.5,normal,1577,987
2026-06-10T09:47:09.214946,637,24,2.5,normal,1346,1036
2026-06-10T09:47:09.215011,637,10,1.507,normal,1739,592
2026-06-10T09:47:09.215074,637,13,0.0,unknown,1697,574
2026-06-10T09:47:09.285018,638,2,1.044,normal,862,533
2026-06-10T09:47:09.285211,638,21,2.5,normal,1489,995
2026-06-10T09:47:09.285283,638,24,2.5,normal,1263,1047
2026-06-10T09:47:09.285351,638,10,1.535,normal,1759,594
2026-06-10T09:47:09.285410,638,13,0.0,unknown,1703,573
2026-06-10T09:47:09.358510,639,2,1.049,normal,876,535
2026-06-10T09:47:09.358669,639,21,2.5,normal,1372,1011
2026-06-10T09:47:09.358749,639,24,2.5,normal,1139,1062
2026-06-10T09:47:09.358827,639,10,1.553,normal,1779,594
2026-06-10T09:47:09.428069,640,2,1.048,normal,889,539
2026-06-10T09:47:09.428210,640,21,2.5,normal,1238,1026
2026-06-10T09:47:09.428598,640,24,2.5,normal,998,1083
2026-06-10T09:47:09.428665,640,10,1.57,normal,1796,592
2026-06-10T09:47:09.428724,640,13,0.0,unknown,1744,573
2026-06-10T09:47:09.501041,641,2,1.044,normal,894,543
2026-06-10T09:47:09.501201,641,21,2.5,normal,1139,1039
2026-06-10T09:47:09.501644,641,24,2.5,normal,904,1096
2026-06-10T09:47:09.501729,641,10,1.556,normal,1803,595
2026-06-10T09:47:09.501805,641,13,0.0,unknown,1762,573
2026-06-10T09:47:09.572591,642,2,1.054,normal,909,545
2026-06-10T09:47:09.572769,642,21,2.5,normal,1009,1057
2026-06-10T09:47:09.573196,642,24,2.5,normal,765,1117
2026-06-10T09:47:09.573275,642,10,1.529,normal,1814,608
2026-06-10T09:47:09.573347,642,13,0.0,unknown,1777,576
2026-06-10T09:47:09.641842,643,2,1.059,normal,927,544
2026-06-10T09:47:09.642130,643,21,2.5,normal,862,1082
2026-06-10T09:47:09.642531,643,24,2.5,normal,608,1144
2026-06-10T09:47:09.642607,643,10,1.498,normal,1825,616
2026-06-10T09:47:09.713576,644,2,1.062,normal,939,541
2026-06-10T09:47:09.713749,644,21,2.5,normal,755,1101
2026-06-10T09:47:09.714143,644,24,2.5,normal,499,1163
2026-06-10T09:47:09.714226,644,10,1.474,normal,1843,632
2026-06-10T09:47:09.714296,644,13,0.0,unknown,1800,582
2026-06-10T09:47:09.784802,645,2,1.068,normal,952,541
2026-06-10T09:47:09.784965,645,21,2.5,normal,609,1128
2026-06-10T09:47:09.785370,645,24,2.5,normal,341,1193
2026-06-10T09:47:09.785438,645,10,1.48,normal,1874,633
2026-06-10T09:47:09.785494,645,13,0.0,unknown,1814,585
2026-06-10T09:47:09.858287,646,2,1.076,normal,970,543
2026-06-10T09:47:09.858491,646,21,2.5,normal,444,1160
2026-06-10T09:47:09.858869,646,24,2.5,normal,162,1229
2026-06-10T09:47:09.858951,646,10,1.487,normal,1897,633
2026-06-10T09:47:09.859016,646,13,0.0,unknown,1830,590
2026-06-10T09:47:09.928656,647,2,1.087,normal,982,544
2026-06-10T09:47:09.928986,647,21,2.5,normal,326,1185
2026-06-10T09:47:09.929323,647,24,2.5,normal,41,1256
2026-06-10T09:47:09.929393,647,10,1.495,normal,1911,637
2026-06-10T09:47:09.929468,647,13,1.318,normal,1844,592
2026-06-10T09:47:10.001077,648,2,1.093,normal,994,548
2026-06-10T09:47:10.001221,648,21,2.5,normal,166,1221
2026-06-10T09:47:10.001666,648,24,2.5,normal,0,1296
2026-06-10T09:47:10.001744,648,10,1.51,normal,1928,640
2026-06-10T09:47:10.001822,648,13,1.293,normal,1856,589
2026-06-10T09:47:10.073236,649,2,1.108,normal,1010,548
2026-06-10T09:47:10.073448,649,21,2.5,normal,12,1267
2026-06-10T09:47:10.073871,649,10,1.515,normal,1940,644
2026-06-10T09:47:10.073950,649,13,1.273,normal,1870,589
2026-06-10T09:47:10.144788,650,2,1.119,normal,1020,551
2026-06-10T09:47:10.144962,650,10,1.538,normal,1967,646
2026-06-10T09:47:10.145262,650,13,1.234,normal,1878,591
2026-06-10T09:47:10.213277,651,2,1.121,normal,1033,551
2026-06-10T09:47:10.213421,651,10,1.564,normal,1987,654
2026-06-10T09:47:10.213780,651,13,1.183,normal,1884,594
2026-06-10T09:47:10.285512,652,2,1.121,normal,1049,549
2026-06-10T09:47:10.357566,653,2,1.119,normal,1059,551
2026-06-10T09:47:10.428642,654,2,1.115,normal,1068,550
2026-06-10T09:47:10.428995,654,10,0.0,unknown,2033,664
2026-06-10T09:47:10.429326,654,13,0.0,unknown,1935,600
2026-06-10T09:47:10.502194,655,10,0.0,unknown,2048,667
2026-06-10T09:47:10.502338,655,13,0.0,unknown,1953,601
2026-06-10T09:47:10.572279,656,10,0.0,unknown,2060,671
2026-06-10T09:47:10.643797,657,10,1.414,normal,2074,675
2026-06-10T09:47:10.715851,658,10,1.477,normal,2104,677
2026-06-10T09:47:10.785981,659,10,1.507,normal,2122,676
2026-06-10T09:47:10.786186,659,2,0.0,unknown,1135,556
2026-06-10T09:47:10.786548,659,13,0.0,unknown,1994,615
2026-06-10T09:47:10.859561,660,10,1.518,normal,2139,677
2026-06-10T09:47:10.859730,660,2,0.0,unknown,1149,556
2026-06-10T09:47:10.860061,660,13,0.0,unknown,2009,617
2026-06-10T09:47:10.931334,661,10,1.541,normal,2160,678
2026-06-10T09:47:10.931607,661,2,0.0,unknown,1162,556
2026-06-10T09:47:10.932080,661,13,0.0,unknown,2025,618
2026-06-10T09:47:11.001467,662,10,1.549,normal,2174,680
2026-06-10T09:47:11.001691,662,2,1.091,normal,1170,554
2026-06-10T09:47:11.002105,662,13,1.069,normal,2035,620
2026-06-10T09:47:11.074023,663,10,1.546,normal,2186,686
2026-06-10T09:47:11.074236,663,2,1.081,normal,1180,556
2026-06-10T09:47:11.074665,663,13,1.066,normal,2047,618
2026-06-10T09:47:11.145080,664,10,1.543,normal,2201,692
2026-06-10T09:47:11.145253,664,2,1.082,normal,1195,559
2026-06-10T09:47:11.145669,664,13,1.12,normal,2068,629
2026-06-10T09:47:11.217981,665,10,1.554,normal,2226,697
2026-06-10T09:47:11.218140,665,13,1.14,normal,2075,632
2026-06-10T09:47:11.287638,666,10,1.553,normal,2242,697
2026-06-10T09:47:11.287975,666,13,1.126,normal,2078,637
2026-06-10T09:47:11.288391,666,2,0.0,unknown,1217,559
2026-06-10T09:47:11.359671,667,10,1.556,normal,2262,698
2026-06-10T09:47:11.359842,667,13,1.145,normal,2099,636
2026-06-10T09:47:11.360213,667,2,0.0,unknown,1230,559
2026-06-10T09:47:11.430840,668,10,1.546,normal,2274,700
2026-06-10T09:47:11.430994,668,13,1.159,normal,2112,637
2026-06-10T09:47:11.431369,668,2,0.0,unknown,1240,561
2026-06-10T09:47:11.501967,669,10,1.54,normal,2291,705
2026-06-10T09:47:11.502155,669,13,1.172,normal,2124,635
2026-06-10T09:47:11.502482,669,2,1.041,normal,1252,564
2026-06-10T09:47:11.574218,670,10,1.54,normal,2306,712
2026-06-10T09:47:11.574429,670,13,1.166,normal,2131,638
2026-06-10T09:47:11.574852,670,2,1.002,normal,1257,567
2026-06-10T09:47:11.645880,671,10,1.528,normal,2313,714
2026-06-10T09:47:11.646040,671,13,1.147,normal,2138,642
2026-06-10T09:47:11.646452,671,2,0.958,slow,1265,569
2026-06-10T09:47:11.717512,672,10,1.532,normal,2338,721
2026-06-10T09:47:11.717676,672,13,1.12,normal,2141,646
2026-06-10T09:47:11.718034,672,2,0.948,slow,1280,570
2026-06-10T09:47:11.790084,673,10,1.54,normal,2369,719
2026-06-10T09:47:11.790440,673,13,1.092,normal,2147,652
2026-06-10T09:47:11.790832,673,2,0.963,slow,1299,572
2026-06-10T09:47:11.862001,674,10,1.54,normal,2383,719
2026-06-10T09:47:11.862169,674,13,1.063,normal,2153,654
2026-06-10T09:47:11.862514,674,2,0.968,slow,1310,572
2026-06-10T09:47:11.932090,675,10,1.539,normal,2397,717
2026-06-10T09:47:11.932415,675,13,1.058,normal,2175,654
2026-06-10T09:47:11.932832,675,2,0.978,slow,1322,568
2026-06-10T09:47:12.003059,676,10,1.528,normal,2412,722
2026-06-10T09:47:12.003209,676,13,1.069,normal,2198,653
2026-06-10T09:47:12.003564,676,2,0.985,slow,1332,567
2026-06-10T09:47:12.076342,677,10,1.504,normal,2416,726
2026-06-10T09:47:12.076510,677,13,1.082,normal,2211,657
2026-06-10T09:47:12.076923,677,2,0.98,slow,1337,567
2026-06-10T09:47:12.145927,678,10,1.477,normal,2427,731
2026-06-10T09:47:12.146099,678,13,1.099,normal,2224,659
2026-06-10T09:47:12.146189,678,2,0.986,slow,1352,569
2026-06-10T09:47:12.218261,679,13,1.09,normal,2234,664
2026-06-10T09:47:12.218454,679,2,0.991,slow,1364,569
2026-06-10T09:47:12.286627,680,13,1.077,normal,2239,667
2026-06-10T09:47:12.286797,680,2,0.983,slow,1369,568
2026-06-10T09:47:12.358789,681,13,1.094,normal,2262,674
2026-06-10T09:47:12.359049,681,2,0.975,slow,1379,566
2026-06-10T09:47:12.432026,682,13,1.087,normal,2274,672
2026-06-10T09:47:12.432372,682,2,0.972,slow,1396,567
2026-06-10T09:47:12.500433,683,13,1.096,normal,2295,671
2026-06-10T09:47:12.500601,683,2,0.969,slow,1405,567
2026-06-10T09:47:12.573375,684,13,1.086,normal,2302,677
2026-06-10T09:47:12.573524,684,2,0.967,slow,1418,569
2026-06-10T09:47:12.645176,685,13,1.086,normal,2312,682
2026-06-10T09:47:12.645342,685,2,0.969,slow,1424,568
2026-06-10T09:47:12.716556,686,13,1.087,normal,2317,685
2026-06-10T09:47:12.716727,686,2,0.965,slow,1428,568
2026-06-10T09:47:12.788588,687,13,1.089,normal,2322,687
2026-06-10T09:47:12.788942,687,2,0.957,slow,1438,567
2026-06-10T09:47:12.859531,688,13,1.108,normal,2339,687
2026-06-10T09:47:12.859834,688,2,0.96,slow,1461,567
2026-06-10T09:47:12.931792,689,13,1.135,normal,2352,688
2026-06-10T09:47:12.931969,689,2,0.965,slow,1474,567
2026-06-10T09:47:13.004118,690,13,1.147,normal,2372,692
2026-06-10T09:47:13.004520,690,2,0.967,slow,1487,567
2026-06-10T09:47:13.075047,691,13,1.152,normal,2390,695
2026-06-10T09:47:13.075231,691,2,0.968,slow,1497,570
2026-06-10T09:47:13.145694,692,13,1.153,normal,2399,697
2026-06-10T09:47:13.145929,692,2,0.969,slow,1504,572
2026-06-10T09:47:13.217360,693,13,1.14,normal,2405,702
2026-06-10T09:47:13.217536,693,2,0.964,slow,1516,580
2026-06-10T09:47:13.288082,694,13,1.128,normal,2416,706
2026-06-10T09:47:13.288252,694,2,0.956,slow,1524,582
2026-06-10T09:47:13.357988,695,13,1.121,normal,2426,708
2026-06-10T09:47:13.358348,695,2,0.954,slow,1532,585
2026-06-10T09:47:13.431976,696,13,1.1,normal,2449,709
2026-06-10T09:47:13.432186,696,2,0.968,slow,1551,586
2026-06-10T09:47:13.503817,697,13,1.077,normal,2462,711
2026-06-10T09:47:13.504170,697,2,0.977,slow,1567,586
2026-06-10T09:47:13.574861,698,13,1.029,normal,2466,716
2026-06-10T09:47:13.575178,698,2,0.988,slow,1579,588
2026-06-10T09:47:13.646722,699,2,1.001,normal,1595,592
2026-06-10T09:47:13.718148,700,2,1.01,normal,1601,598
2026-06-10T09:47:13.787177,701,2,1.016,normal,1604,601
2026-06-10T09:47:13.859659,702,2,1.018,normal,1614,604
2026-06-10T09:47:13.931434,703,2,1.032,normal,1645,608
2026-06-10T09:47:14.002153,704,2,1.042,normal,1657,609
2026-06-10T09:47:14.074878,705,2,1.05,normal,1671,611
2026-06-10T09:47:14.147659,706,2,1.066,normal,1686,620
2026-06-10T09:47:14.218904,707,2,1.079,normal,1695,625
2026-06-10T09:47:14.290028,708,2,1.084,normal,1702,633
2026-06-10T09:47:14.360130,709,2,1.094,normal,1714,640
2026-06-10T09:47:14.433819,710,2,1.105,normal,1724,647
2026-06-10T09:47:14.504689,711,2,1.11,normal,1746,650
2026-06-10T09:47:14.574819,712,2,1.12,normal,1769,658
2026-06-10T09:47:14.647206,713,2,1.125,normal,1778,661
2026-06-10T09:47:14.719991,714,2,1.122,normal,1789,667
2026-06-10T09:47:14.789026,715,2,1.133,normal,1802,679
2026-06-10T09:47:15.219013,721,2,0.0,unknown,1899,714
2026-06-10T09:47:15.292587,722,2,0.0,unknown,1903,715
2026-06-10T09:47:15.361893,723,2,0.0,unknown,1907,720
2026-06-10T09:47:15.505543,725,2,0.0,unknown,1938,727
2026-06-10T09:47:15.648711,727,2,0.0,unknown,1966,733
2026-06-10T09:47:15.721570,728,2,0.0,unknown,1973,734
2026-06-10T09:47:15.791523,729,2,0.0,unknown,1984,732
2026-06-10T09:47:15.864338,730,2,1.001,normal,1992,735
2026-06-10T09:47:16.506688,739,2,0.0,unknown,2135,762
2026-06-10T09:47:16.721258,742,2,0.0,unknown,2176,771
2026-06-10T09:47:16.792531,743,2,0.0,unknown,2184,772
2026-06-10T09:47:17.295705,750,2,0.0,unknown,2265,755
2026-06-10T09:47:17.795387,757,2,0.0,unknown,2382,812
2026-06-10T09:47:17.866998,758,2,0.0,unknown,2396,816
2026-06-10T09:47:18.079691,761,2,0.0,unknown,2422,823
2026-06-10T09:47:18.221840,763,32,0.0,unknown,2457,681
2026-06-10T09:47:18.291332,764,32,0.0,unknown,2464,683
2026-06-10T09:47:18.363188,765,32,0.0,unknown,2420,692
2026-06-10T09:47:21.288903,806,34,0.0,unknown,2296,1059
2026-06-10T09:47:21.361426,807,34,0.0,unknown,2201,1061
2026-06-10T09:47:21.433462,808,34,0.0,unknown,2070,1069
2026-06-10T09:47:21.503649,809,34,2.5,normal,1987,1073
2026-06-10T09:47:21.576096,810,34,2.5,normal,1867,1085
2026-06-10T09:47:21.647028,811,34,2.5,normal,1742,1093
2026-06-10T09:47:21.717524,812,34,2.5,normal,1658,1100
2026-06-10T09:47:21.789170,813,34,2.5,normal,1550,1108
2026-06-10T09:47:21.862080,814,34,2.5,normal,1415,1118
2026-06-10T09:47:21.932164,815,34,2.5,normal,1312,1124
2026-06-10T09:47:22.004225,816,34,2.5,normal,1185,1137
2026-06-10T09:47:22.075950,817,34,2.5,normal,1059,1153
2026-06-10T09:47:22.148041,818,34,2.5,normal,973,1165
2026-06-10T09:47:22.219150,819,34,2.5,normal,833,1180
2026-06-10T09:47:22.290183,820,34,2.5,normal,683,1197
2026-06-10T09:47:22.362331,821,34,2.5,normal,586,1211
2026-06-10T09:47:22.432230,822,34,2.5,normal,454,1229
2026-06-10T09:47:22.505370,823,34,2.5,normal,306,1253
2026-06-10T09:47:22.575607,824,34,2.5,normal,208,1273
2026-06-10T09:47:22.647401,825,34,2.5,normal,59,1298
2026-06-10T09:47:22.720525,826,34,2.5,normal,0,1329
2026-06-10T09:47:23.147840,832,36,0.0,unknown,769,251
2026-06-10T09:47:23.292334,834,36,0.0,unknown,767,250
2026-06-10T09:47:23.438373,836,36,0.0,unknown,767,251
2026-06-10T09:47:24.982051,857,1,0.0,unknown,165,464
2026-06-10T09:47:24.982274,857,2,0.0,unknown,269,440
2026-06-10T09:47:25.055892,858,1,0.0,unknown,164,466
2026-06-10T09:47:25.056062,858,2,0.0,unknown,269,441
2026-06-10T09:47:25.130072,859,1,0.0,unknown,163,466
2026-06-10T09:47:25.130258,859,3,0.0,unknown,278,439
2026-06-10T09:47:25.201762,860,1,0.358,danger,162,466
2026-06-10T09:47:25.201931,860,2,0.0,unknown,263,438
2026-06-10T09:47:25.269707,861,1,0.33,danger,162,466
2026-06-10T09:47:25.338894,862,1,0.295,danger,162,466
2026-06-10T09:47:25.339086,862,2,0.0,unknown,263,438
2026-06-10T09:47:25.407510,863,1,0.259,danger,162,465
2026-06-10T09:47:25.407711,863,2,0.0,unknown,262,437
2026-06-10T09:47:25.476215,864,1,0.227,danger,163,466
2026-06-10T09:47:25.476373,864,2,0.0,unknown,265,437
2026-06-10T09:47:25.546136,865,1,0.198,danger,163,465
2026-06-10T09:47:25.614355,866,1,0.173,danger,163,465
2026-06-10T09:47:25.614540,866,3,0.0,unknown,274,439
2026-06-10T09:47:25.681675,867,1,0.151,danger,162,464
2026-06-10T09:47:25.682022,867,2,0.0,unknown,272,440
2026-06-10T09:47:25.746469,868,1,0.133,danger,163,464
2026-06-10T09:47:25.746861,868,2,0.0,unknown,267,439
2026-06-10T09:47:25.811155,869,1,0.118,danger,163,464
2026-06-10T09:47:25.811470,869,3,0.0,unknown,275,439
2026-06-10T09:47:25.877850,870,1,0.106,danger,163,465
2026-06-10T09:47:25.878234,870,3,0.0,unknown,275,439
2026-06-10T09:47:25.942776,871,1,0.095,danger,164,464
2026-06-10T09:47:26.009727,872,1,0.087,danger,164,465
2026-06-10T09:47:26.009903,872,3,0.0,unknown,277,439
2026-06-10T09:47:26.078640,873,1,0.068,danger,164,464
2026-06-10T09:47:26.078821,873,3,0.0,unknown,276,439
2026-06-10T09:47:26.153324,874,1,0.05,danger,164,464
2026-06-10T09:47:26.224379,875,1,0.036,danger,165,464
2026-06-10T09:47:26.296715,876,1,0.027,danger,165,464
2026-06-10T09:47:26.296978,876,2,0.0,unknown,274,438
2026-06-10T09:47:26.366750,877,1,0.021,danger,165,464
2026-06-10T09:47:26.366917,877,5,0.0,unknown,245,495
2026-06-10T09:47:26.437946,878,1,0.017,danger,165,463
2026-06-10T09:47:26.438353,878,5,0.0,unknown,247,495
2026-06-10T09:47:26.510089,879,1,0.014,danger,165,463
2026-06-10T09:47:26.510268,879,5,0.0,unknown,246,491
2026-06-10T09:47:26.510611,879,2,0.0,unknown,277,438
2026-06-10T09:47:26.581465,880,1,0.012,danger,165,463
2026-06-10T09:47:26.581613,880,5,0.152,danger,240,489
2026-06-10T09:47:26.582055,880,2,0.0,unknown,274,438
2026-06-10T09:47:26.653290,881,1,0.01,danger,166,464
2026-06-10T09:47:26.653455,881,5,0.161,danger,237,489
2026-06-10T09:47:26.653781,881,2,0.0,unknown,272,438
2026-06-10T09:47:26.723926,882,1,0.008,danger,166,465
2026-06-10T09:47:26.724361,882,5,0.165,danger,235,491
2026-06-10T09:47:26.724746,882,2,0.045,danger,275,439
2026-06-10T09:47:26.796116,883,1,0.007,danger,166,464
2026-06-10T09:47:26.796318,883,5,0.164,danger,235,491
2026-06-10T09:47:26.796714,883,2,0.124,danger,268,440
2026-06-10T09:47:26.867619,884,1,0.005,danger,166,464
2026-06-10T09:47:26.867802,884,5,0.165,danger,235,492
2026-06-10T09:47:26.868219,884,2,0.183,danger,265,440
2026-06-10T09:47:26.939795,885,1,0.006,danger,167,464
2026-06-10T09:47:26.939972,885,5,0.161,danger,233,490
2026-06-10T09:47:26.940357,885,2,0.211,danger,266,439
2026-06-10T09:47:27.011335,886,1,0.007,danger,167,464
2026-06-10T09:47:27.011693,886,5,0.155,danger,233,490
2026-06-10T09:47:27.011985,886,2,0.225,danger,267,439
2026-06-10T09:47:27.081869,887,1,0.008,danger,167,463
2026-06-10T09:47:27.082050,887,5,0.149,danger,234,491
2026-06-10T09:47:27.082421,887,2,0.225,danger,266,439
2026-06-10T09:47:27.152266,888,1,0.007,danger,167,465
2026-06-10T09:47:27.152431,888,2,0.197,danger,266,439
2026-06-10T09:47:27.226185,889,1,0.006,danger,166,464
2026-06-10T09:47:27.226336,889,2,0.156,danger,270,439
2026-06-10T09:47:27.296963,890,1,0.021,danger,170,463
2026-06-10T09:47:27.297146,890,2,0.119,danger,272,439
2026-06-10T09:47:27.369116,891,1,0.041,danger,173,463
2026-06-10T09:47:27.369267,891,2,0.1,danger,269,439
2026-06-10T09:47:27.438913,892,1,0.058,danger,173,464
2026-06-10T09:47:27.439114,892,2,0.076,danger,274,439
2026-06-10T09:47:27.511922,893,1,0.06,danger,170,464
2026-06-10T09:47:27.512075,893,2,0.062,danger,277,439
2026-06-10T09:47:27.583535,894,1,0.05,danger,169,463
2026-06-10T09:47:27.583733,894,2,0.053,danger,279,439
2026-06-10T09:47:27.654297,895,1,0.04,danger,168,462
2026-06-10T09:47:27.654494,895,2,0.051,danger,279,439
2026-06-10T09:47:27.726095,896,1,0.032,danger,167,462
2026-06-10T09:47:27.726279,896,2,0.055,danger,280,438
2026-06-10T09:47:27.797865,897,1,0.027,danger,167,461
2026-06-10T09:47:27.798068,897,2,0.054,danger,281,439
2026-06-10T09:47:27.869138,898,1,0.045,danger,179,461
2026-06-10T09:47:27.869418,898,2,0.065,danger,276,439
2026-06-10T09:47:27.940144,899,1,0.066,danger,182,462
2026-06-10T09:47:27.940342,899,2,0.073,danger,269,438
2026-06-10T09:47:28.011112,900,1,0.074,danger,178,462
2026-06-10T09:47:28.011280,900,2,0.076,danger,268,439
2026-06-10T09:47:28.085039,901,1,0.071,danger,173,462
2026-06-10T09:47:28.085278,901,2,0.088,danger,272,439
2026-06-10T09:47:28.155884,902,1,0.06,danger,168,462
2026-06-10T09:47:28.156066,902,2,0.09,danger,271,441
2026-06-10T09:47:28.226190,903,1,0.052,danger,167,461
2026-06-10T09:47:28.226398,903,2,0.085,danger,273,441
2026-06-10T09:47:28.297511,904,1,0.045,danger,167,461
2026-06-10T09:47:28.297697,904,2,0.071,danger,274,441
2026-06-10T09:47:28.367619,905,1,0.045,danger,166,461
2026-06-10T09:47:28.367934,905,2,0.057,danger,276,441
2026-06-10T09:47:28.441703,906,1,0.054,danger,168,460
2026-06-10T09:47:28.442080,906,2,0.054,danger,276,442
2026-06-10T09:47:28.512980,907,1,0.064,danger,168,461
2026-06-10T09:47:28.513196,907,2,0.043,danger,276,442
2026-06-10T09:47:28.513612,907,9,0.0,unknown,242,502
2026-06-10T09:47:28.584486,908,1,0.063,danger,167,461
2026-06-10T09:47:28.584675,908,2,0.032,danger,276,442
2026-06-10T09:47:28.655458,909,1,0.053,danger,169,465
2026-06-10T09:47:28.655666,909,2,0.029,danger,275,443
2026-06-10T09:47:28.729133,910,1,0.043,danger,168,465
2026-06-10T09:47:28.729356,910,2,0.027,danger,274,444
2026-06-10T09:47:28.797076,911,1,0.038,danger,169,462
2026-06-10T09:47:28.797254,911,2,0.03,danger,272,444
2026-06-10T09:47:28.869195,912,1,0.041,danger,172,463
2026-06-10T09:47:28.869401,912,2,0.037,danger,269,444
2026-06-10T09:47:28.939845,913,1,0.039,danger,177,470
2026-06-10T09:47:28.940055,913,2,0.032,danger,271,444
2026-06-10T09:47:29.013006,914,1,0.043,danger,180,476
2026-06-10T09:47:29.013423,914,2,0.035,danger,274,444
2026-06-10T09:47:29.083820,915,1,0.055,danger,188,481
2026-06-10T09:47:29.084034,915,2,0.041,danger,276,445
2026-06-10T09:47:29.154304,916,1,0.081,danger,194,491
2026-06-10T09:47:29.154534,916,2,0.044,danger,277,444
2026-06-10T09:47:29.154954,916,10,0.0,unknown,157,452
2026-06-10T09:47:29.227216,917,1,0.117,danger,200,495
2026-06-10T09:47:29.227406,917,2,0.052,danger,280,444
2026-06-10T09:47:29.227702,917,10,0.0,unknown,156,452
2026-06-10T09:47:29.299981,918,1,0.157,danger,208,490
2026-06-10T09:47:29.300240,918,2,0.062,danger,284,444
2026-06-10T09:47:29.300650,918,10,0.0,unknown,154,453
2026-06-10T09:47:29.377148,919,1,0.201,danger,217,490
2026-06-10T09:47:29.377372,919,2,0.07,danger,284,443
2026-06-10T09:47:29.377614,919,10,0.147,danger,153,455
2026-06-10T09:47:29.448130,920,1,0.25,danger,227,490
2026-06-10T09:47:29.448676,920,2,0.069,danger,280,444
2026-06-10T09:47:29.449207,920,10,0.142,danger,153,457
2026-06-10T09:47:29.522120,921,1,0.293,danger,233,490
2026-06-10T09:47:29.522366,921,2,0.061,danger,278,445
2026-06-10T09:47:29.522666,921,10,0.144,danger,153,458
2026-06-10T09:47:29.596172,922,1,0.34,danger,243,491
2026-06-10T09:47:29.596367,922,10,0.145,danger,153,461
2026-06-10T09:47:29.669724,923,1,0.392,danger,252,491
2026-06-10T09:47:29.670146,923,10,0.142,danger,153,461
2026-06-10T09:47:29.670447,923,2,0.0,unknown,284,446
2026-06-10T09:47:29.741290,924,1,0.446,danger,263,499
2026-06-10T09:47:29.741502,924,10,0.135,danger,154,462
2026-06-10T09:47:29.812934,925,1,0.502,danger,272,505
2026-06-10T09:47:29.813341,925,10,0.125,danger,156,462
2026-06-10T09:47:29.886111,926,1,0.559,danger,285,507
2026-06-10T09:47:29.886475,926,10,0.115,danger,157,462
2026-06-10T09:47:29.954063,927,1,0.622,slow,301,503
2026-06-10T09:47:29.954249,927,10,0.108,danger,155,462
2026-06-10T09:47:29.954564,927,2,0.0,unknown,263,451
2026-06-10T09:47:30.021698,928,1,0.668,slow,306,498
2026-06-10T09:47:30.022154,928,10,0.103,danger,154,462
2026-06-10T09:47:30.022425,928,2,0.0,unknown,263,453
2026-06-10T09:47:30.087131,929,1,0.728,slow,327,497
2026-06-10T09:47:30.087376,929,10,0.099,danger,152,462
2026-06-10T09:47:30.087662,929,2,0.0,unknown,267,453
2026-06-10T09:47:30.155468,930,1,0.792,slow,346,502
2026-06-10T09:47:30.155694,930,10,0.101,danger,150,463
2026-06-10T09:47:30.156068,930,2,0.144,danger,269,453
2026-06-10T09:47:30.224264,931,1,0.848,slow,358,504
2026-06-10T09:47:30.224515,931,10,0.102,danger,148,462
2026-06-10T09:47:30.224868,931,2,0.145,danger,270,454
2026-06-10T09:47:30.297205,932,1,0.888,slow,362,503
2026-06-10T09:47:30.297386,932,10,0.107,danger,147,466
2026-06-10T09:47:30.297813,932,2,0.186,danger,267,455
2026-06-10T09:47:30.367669,933,1,0.925,slow,375,501
2026-06-10T09:47:30.367831,933,10,0.109,danger,145,467
2026-06-10T09:47:30.368179,933,2,0.225,danger,264,458
2026-06-10T09:47:30.442169,934,1,0.955,slow,387,499
2026-06-10T09:47:30.442382,934,10,0.11,danger,145,468
2026-06-10T09:47:30.442729,934,2,0.247,danger,262,458
2026-06-10T09:47:30.442794,934,13,0.0,unknown,315,494
2026-06-10T09:47:30.512519,935,1,0.997,slow,409,496
2026-06-10T09:47:30.512741,935,10,0.104,danger,147,467
2026-06-10T09:47:30.513149,935,2,0.242,danger,265,460
2026-06-10T09:47:30.513219,935,13,0.0,unknown,325,494
2026-06-10T09:47:30.580309,936,1,1.035,normal,422,497
2026-06-10T09:47:30.580529,936,10,0.097,danger,148,469
2026-06-10T09:47:30.580921,936,2,0.22,danger,267,462
2026-06-10T09:47:30.581006,936,13,0.0,unknown,332,492
2026-06-10T09:47:30.653573,937,1,1.064,normal,434,499
2026-06-10T09:47:30.653779,937,10,0.091,danger,150,470
2026-06-10T09:47:30.654183,937,2,0.187,danger,271,462
2026-06-10T09:47:30.654262,937,13,0.833,slow,341,489
2026-06-10T09:47:30.725352,938,1,1.094,normal,449,502
2026-06-10T09:47:30.725533,938,10,0.09,danger,150,474
2026-06-10T09:47:30.725912,938,2,0.16,danger,271,461
2026-06-10T09:47:30.725994,938,13,0.814,slow,344,496
2026-06-10T09:47:30.796434,939,1,1.126,normal,466,506
2026-06-10T09:47:30.796626,939,10,0.095,danger,151,476
2026-06-10T09:47:30.797028,939,2,0.14,danger,272,461
2026-06-10T09:47:30.866884,940,1,1.149,normal,475,508
2026-06-10T09:47:30.867086,940,10,0.101,danger,153,477
2026-06-10T09:47:30.867420,940,2,0.125,danger,272,460
2026-06-10T09:47:30.867483,940,14,0.0,unknown,338,508
2026-06-10T09:47:30.939648,941,1,1.163,normal,487,509
2026-06-10T09:47:30.939823,941,10,0.106,danger,156,476
2026-06-10T09:47:30.940160,941,2,0.11,danger,272,460
2026-06-10T09:47:31.009922,942,1,1.177,normal,506,506
2026-06-10T09:47:31.010313,942,10,0.111,danger,160,476
2026-06-10T09:47:31.010716,942,2,0.096,danger,270,461
2026-06-10T09:47:31.010794,942,13,0.0,unknown,388,501
2026-06-10T09:47:31.081956,943,1,1.203,normal,523,505
2026-06-10T09:47:31.082120,943,10,0.118,danger,162,478
2026-06-10T09:47:31.082451,943,2,0.088,danger,269,462
2026-06-10T09:47:31.082510,943,13,0.0,unknown,390,500
2026-06-10T09:47:31.152844,944,1,1.211,normal,537,509
2026-06-10T09:47:31.153015,944,10,0.129,danger,167,479
2026-06-10T09:47:31.153410,944,2,0.079,danger,268,463
2026-06-10T09:47:31.153484,944,13,0.0,unknown,408,506
2026-06-10T09:47:31.224367,945,1,1.211,normal,552,510
2026-06-10T09:47:31.224682,945,10,0.143,danger,170,482
2026-06-10T09:47:31.224994,945,2,0.069,danger,269,464
2026-06-10T09:47:31.225060,945,13,0.906,slow,416,508
2026-06-10T09:47:31.297376,946,1,1.207,normal,562,512
2026-06-10T09:47:31.297564,946,10,0.159,danger,173,487
2026-06-10T09:47:31.297966,946,2,0.061,danger,268,467
2026-06-10T09:47:31.298042,946,13,0.892,slow,423,509
2026-06-10T09:47:31.368529,947,1,1.22,normal,579,517
2026-06-10T09:47:31.368922,947,10,0.178,danger,177,489
2026-06-10T09:47:31.369210,947,2,0.059,danger,267,467
2026-06-10T09:47:31.369271,947,13,0.876,slow,430,508
2026-06-10T09:47:31.441966,948,1,1.238,normal,598,516
2026-06-10T09:47:31.442248,948,10,0.203,danger,182,491
2026-06-10T09:47:31.442324,948,2,0.064,danger,268,467
2026-06-10T09:47:31.442393,948,13,0.855,slow,438,508
2026-06-10T09:47:31.442454,948,17,0.0,unknown,770,253
2026-06-10T09:47:31.514380,949,1,1.255,normal,613,510
2026-06-10T09:47:31.514568,949,10,0.227,danger,185,492
2026-06-10T09:47:31.514647,949,2,0.071,danger,268,468
2026-06-10T09:47:31.514715,949,13,0.82,slow,443,507
2026-06-10T09:47:31.587381,950,1,1.259,normal,631,513
2026-06-10T09:47:31.587535,950,10,0.248,danger,189,491
2026-06-10T09:47:31.587838,950,2,0.072,danger,269,467
2026-06-10T09:47:31.587903,950,13,0.808,slow,456,506
2026-06-10T09:47:31.658191,951,1,1.27,normal,646,516
2026-06-10T09:47:31.658427,951,10,0.268,danger,196,488
2026-06-10T09:47:31.658853,951,2,0.067,danger,271,468
2026-06-10T09:47:31.658922,951,13,0.822,slow,471,506
2026-06-10T09:47:31.728081,952,1,1.278,normal,659,531
2026-06-10T09:47:31.728524,952,10,0.29,danger,202,490
2026-06-10T09:47:31.728907,952,2,0.058,danger,274,470
2026-06-10T09:47:31.728992,952,13,0.844,slow,484,507
2026-06-10T09:47:31.798491,953,1,1.271,normal,667,530
2026-06-10T09:47:31.798642,953,10,0.32,danger,210,493
2026-06-10T09:47:31.798983,953,2,0.051,danger,276,471
2026-06-10T09:47:31.799047,953,13,0.849,slow,487,506
2026-06-10T09:47:31.868880,954,1,1.269,normal,685,527
2026-06-10T09:47:31.869071,954,10,0.35,danger,219,498
2026-06-10T09:47:31.869356,954,2,0.045,danger,274,469
2026-06-10T09:47:31.869422,954,13,0.845,slow,492,505
2026-06-10T09:47:31.940112,955,1,1.277,normal,701,526
2026-06-10T09:47:31.940274,955,10,0.372,danger,222,499
2026-06-10T09:47:31.940577,955,2,0.044,danger,275,468
2026-06-10T09:47:31.940643,955,13,0.839,slow,500,503
2026-06-10T09:47:32.010347,956,1,1.301,normal,724,524
2026-06-10T09:47:32.010508,956,10,0.397,danger,232,498
2026-06-10T09:47:32.010911,956,13,0.837,slow,512,501
2026-06-10T09:47:32.080798,957,1,1.322,normal,746,534
2026-06-10T09:47:32.080970,957,10,0.418,danger,236,483
2026-06-10T09:47:32.081292,957,13,0.839,slow,523,498
2026-06-10T09:47:32.157005,958,1,1.329,normal,757,540
2026-06-10T09:47:32.157254,958,10,0.435,danger,239,475
2026-06-10T09:47:32.157573,958,13,0.846,slow,530,497
2026-06-10T09:47:32.227665,959,1,1.333,normal,766,531
2026-06-10T09:47:32.228115,959,10,0.453,danger,249,486
2026-06-10T09:47:32.228514,959,13,0.836,slow,540,498
2026-06-10T09:47:32.228591,959,17,0.0,unknown,770,251
2026-06-10T09:47:32.299611,960,1,1.334,normal,779,526
2026-06-10T09:47:32.299891,960,10,0.479,danger,261,500
2026-06-10T09:47:32.300257,960,13,0.836,slow,553,500
2026-06-10T09:47:32.300336,960,17,0.0,unknown,770,251
2026-06-10T09:47:32.368788,961,1,1.338,normal,789,523
2026-06-10T09:47:32.369110,961,10,0.508,danger,270,508
2026-06-10T09:47:32.369493,961,13,0.83,slow,557,500
2026-06-10T09:47:32.369563,961,17,0.0,unknown,770,251
2026-06-10T09:47:32.441880,962,1,1.35,normal,810,520
2026-06-10T09:47:32.442087,962,10,0.539,danger,283,512
2026-06-10T09:47:32.442480,962,13,0.824,slow,563,499
2026-06-10T09:47:32.442557,962,2,0.0,unknown,252,463
2026-06-10T09:47:32.512917,963,1,1.37,normal,836,518
2026-06-10T09:47:32.513100,963,10,0.57,danger,294,516
2026-06-10T09:47:32.513441,963,13,0.828,slow,576,497
2026-06-10T09:47:32.513507,963,2,0.0,unknown,255,462
2026-06-10T09:47:32.587604,964,1,1.379,normal,851,521
2026-06-10T09:47:32.587824,964,10,0.598,danger,302,518
2026-06-10T09:47:32.588143,964,13,0.833,slow,582,496
2026-06-10T09:47:32.588215,964,2,0.0,unknown,263,462
2026-06-10T09:47:32.657512,965,1,1.38,normal,864,521
2026-06-10T09:47:32.657746,965,10,0.625,slow,310,515
2026-06-10T09:47:32.658065,965,13,0.837,slow,596,501
2026-06-10T09:47:32.658145,965,2,0.397,danger,266,462
2026-06-10T09:47:32.726465,966,1,1.377,normal,879,525
2026-06-10T09:47:32.726844,966,10,0.662,slow,326,519
2026-06-10T09:47:32.727153,966,13,0.835,slow,610,503
2026-06-10T09:47:32.727236,966,2,0.391,danger,270,462
2026-06-10T09:47:32.727305,966,17,0.0,unknown,770,254
2026-06-10T09:47:32.796789,967,1,1.38,normal,892,525
2026-06-10T09:47:32.796981,967,10,0.687,slow,330,518
2026-06-10T09:47:32.797385,967,13,0.82,slow,617,504
2026-06-10T09:47:32.797472,967,2,0.367,danger,270,461
2026-06-10T09:47:32.797542,967,17,0.0,unknown,769,252
2026-06-10T09:47:32.867730,968,1,1.394,normal,907,522
2026-06-10T09:47:32.868052,968,10,0.713,slow,342,522
2026-06-10T09:47:32.868459,968,13,0.816,slow,624,503
2026-06-10T09:47:32.868540,968,2,0.345,danger,272,460
2026-06-10T09:47:32.868606,968,17,0.0,unknown,768,251
2026-06-10T09:47:32.940658,969,1,1.415,normal,933,517
2026-06-10T09:47:32.940802,969,10,0.734,slow,351,522
2026-06-10T09:47:32.941129,969,13,0.819,slow,633,501
2026-06-10T09:47:32.941191,969,2,0.315,danger,272,460
2026-06-10T09:47:32.941253,969,17,0.021,danger,769,251
2026-06-10T09:47:33.011398,970,1,1.42,normal,943,517
2026-06-10T09:47:33.011630,970,10,0.764,slow,362,520
2026-06-10T09:47:33.011986,970,13,0.819,slow,639,501
2026-06-10T09:47:33.012069,970,2,0.289,danger,273,459
2026-06-10T09:47:33.084179,971,1,1.429,normal,968,516
2026-06-10T09:47:33.084418,971,10,0.79,slow,374,518
2026-06-10T09:47:33.084739,971,13,0.826,slow,655,501
2026-06-10T09:47:33.084828,971,2,0.265,danger,273,458
2026-06-10T09:47:33.154355,972,1,1.428,normal,984,518
2026-06-10T09:47:33.154535,972,10,0.819,slow,386,517
2026-06-10T09:47:33.154924,972,13,0.839,slow,671,501
2026-06-10T09:47:33.154998,972,2,0.227,danger,266,458
2026-06-10T09:47:33.226258,973,1,1.43,normal,996,519
2026-06-10T09:47:33.226643,973,10,0.853,slow,399,519
2026-06-10T09:47:33.227019,973,13,0.852,slow,678,498
2026-06-10T09:47:33.227096,973,2,0.192,danger,263,457
2026-06-10T09:47:33.298287,974,1,1.44,normal,1014,519
2026-06-10T09:47:33.298447,974,10,0.887,slow,413,523
2026-06-10T09:47:33.298800,974,13,0.857,slow,686,500
2026-06-10T09:47:33.298869,974,2,0.163,danger,263,457
2026-06-10T09:47:33.367679,975,1,1.456,normal,1035,518
2026-06-10T09:47:33.368000,975,10,0.911,slow,425,526
2026-06-10T09:47:33.368302,975,13,0.854,slow,695,499
2026-06-10T09:47:33.368377,975,2,0.144,danger,264,457
2026-06-10T09:47:33.439163,976,1,1.468,normal,1047,516
2026-06-10T09:47:33.439318,976,10,0.926,slow,433,527
2026-06-10T09:47:33.439390,976,13,0.851,slow,699,499
2026-06-10T09:47:33.439455,976,2,0.136,danger,268,458
2026-06-10T09:47:33.512041,977,1,1.468,normal,1065,515
2026-06-10T09:47:33.512390,977,10,0.938,slow,446,526
2026-06-10T09:47:33.512795,977,13,0.855,slow,712,503
2026-06-10T09:47:33.512873,977,2,0.131,danger,270,459
2026-06-10T09:47:33.583879,978,1,1.446,normal,1079,517
2026-06-10T09:47:33.584098,978,10,0.957,slow,464,522
2026-06-10T09:47:33.584453,978,13,0.863,slow,730,501
2026-06-10T09:47:33.584528,978,2,0.12,danger,270,460
2026-06-10T09:47:33.655786,979,1,1.427,normal,1090,520
2026-06-10T09:47:33.655960,979,10,0.974,slow,475,521
2026-06-10T09:47:33.656354,979,13,0.875,slow,738,499
2026-06-10T09:47:33.656423,979,2,0.097,danger,269,460
2026-06-10T09:47:33.725507,980,1,1.422,normal,1106,523
2026-06-10T09:47:33.725718,980,10,1.011,normal,497,523
2026-06-10T09:47:33.726141,980,13,0.88,slow,749,499
2026-06-10T09:47:33.726224,980,2,0.076,danger,268,460
2026-06-10T09:47:33.796866,981,1,1.424,normal,1124,526
2026-06-10T09:47:33.797014,981,10,1.037,normal,513,526
2026-06-10T09:47:33.797434,981,13,0.881,slow,762,503
2026-06-10T09:47:33.797512,981,2,0.054,danger,268,460
2026-06-10T09:47:33.872704,982,1,1.421,normal,1136,527
2026-06-10T09:47:33.872869,982,10,1.056,normal,518,528
2026-06-10T09:47:33.873216,982,13,0.882,slow,769,504
2026-06-10T09:47:33.873279,982,2,0.041,danger,270,460
2026-06-10T09:47:33.941870,983,1,1.441,normal,1165,525
2026-06-10T09:47:33.942286,983,10,1.071,normal,533,527
2026-06-10T09:47:33.942710,983,13,0.878,slow,774,504
2026-06-10T09:47:33.942788,983,2,0.03,danger,272,461
